Año encuesta,Localidad,Sexo,Aseguramiento,Estrato,Casos de alteración de la salud por exposición a ruido,Casos de somnolencia diurna excesiva,Casos de alteración de sueño,Uso de audífonos,Registros
2019,Antonio Nariño,1,Contributivo (EPS),2,1,0,1,2,3
2019,Antonio Nariño,1,Contributivo (EPS),3,4,2,9,4,24
2019,Antonio Nariño,1,Ninguno,2,0,0,0,0,1
2019,Antonio Nariño,1,Ninguno,3,0,0,1,1,5
2019,Antonio Nariño,1,Régimen excepcional,3,1,1,2,0,3
2019,Antonio Nariño,1,Subsidiado (EPSS),2,0,0,0,0,1
2019,Antonio Nariño,1,Subsidiado (EPSS),3,1,0,2,1,8
2019,Antonio Nariño,2,Contributivo (EPS),2,1,1,2,2,8
2019,Antonio Nariño,2,Contributivo (EPS),3,10,4,33,15,68
2019,Antonio Nariño,2,Ninguno,2,0,0,1,0,2
2019,Antonio Nariño,2,Ninguno,3,0,1,7,2,12
2019,Antonio Nariño,2,Régimen excepcional,3,2,0,4,4,6
2019,Antonio Nariño,2,Subsidiado (EPSS),2,1,1,4,2,7
2019,Antonio Nariño,2,Subsidiado (EPSS),3,2,1,6,5,25
2019,Barrios Unidos,1,Contributivo (EPS),3,20,5,12,15,34
2019,Barrios Unidos,1,Contributivo (EPS),4,4,0,2,1,5
2019,Barrios Unidos,1,Ninguno,3,2,1,1,0,3
2019,Barrios Unidos,1,Régimen excepcional,3,1,0,0,0,1
2019,Barrios Unidos,1,Régimen excepcional,4,0,0,0,1,2
2019,Barrios Unidos,1,Subsidiado (EPSS),3,5,4,3,5,14
2019,Barrios Unidos,1,Subsidiado (EPSS),4,0,0,1,0,1
2019,Barrios Unidos,2,Contributivo (EPS),2,0,1,0,0,1
2019,Barrios Unidos,2,Contributivo (EPS),3,45,26,38,20,68
2019,Barrios Unidos,2,Contributivo (EPS),4,10,3,9,3,13
2019,Barrios Unidos,2,Ninguno,3,3,1,5,4,5
2019,Barrios Unidos,2,Régimen excepcional,3,3,1,1,0,3
2019,Barrios Unidos,2,Régimen excepcional,4,1,0,0,0,1
2019,Barrios Unidos,2,Subsidiado (EPSS),3,15,3,11,4,26
2019,Barrios Unidos,2,Subsidiado (EPSS),4,1,1,2,1,2
2019,Bosa,1,Contributivo (EPS),2,1,0,7,7,28
2019,Bosa,1,Contributivo (EPS),3,0,0,0,0,1
2019,Bosa,1,Ninguno,2,0,1,3,4,6
2019,Bosa,1,Régimen excepcional,2,0,0,1,0,1
2019,Bosa,1,Subsidiado (EPSS),2,5,1,6,6,21
2019,Bosa,2,Contributivo (EPS),2,10,4,26,12,60
2019,Bosa,2,Contributivo (EPS),3,0,0,0,1,3
2019,Bosa,2,Ninguno,2,0,0,0,2,2
2019,Bosa,2,Ninguno,3,0,0,0,0,1
2019,Bosa,2,Subsidiado (EPSS),2,13,3,23,6,46
2019,Bosa,2,Subsidiado (EPSS),3,0,0,0,1,2
2019,Candelaria,1,Contributivo (EPS),2,6,3,5,11,18
2019,Candelaria,1,Contributivo (EPS),3,2,1,0,4,7
2019,Candelaria,1,Ninguno,2,1,1,2,1,4
2019,Candelaria,1,Ninguno,3,1,0,0,1,1
2019,Candelaria,1,Régimen excepcional,2,0,0,0,1,1
2019,Candelaria,1,Régimen excepcional,3,1,0,0,1,1
2019,Candelaria,1,Subsidiado (EPSS),1,0,1,0,0,1
2019,Candelaria,1,Subsidiado (EPSS),2,5,2,6,10,21
2019,Candelaria,1,Subsidiado (EPSS),3,1,0,1,1,2
2019,Candelaria,2,Contributivo (EPS),1,0,0,1,0,1
2019,Candelaria,2,Contributivo (EPS),2,9,2,5,8,29
2019,Candelaria,2,Contributivo (EPS),3,3,2,3,4,19
2019,Candelaria,2,Ninguno,2,4,1,4,6,11
2019,Candelaria,2,Régimen excepcional,2,0,0,0,0,1
2019,Candelaria,2,Subsidiado (EPSS),2,10,4,10,8,33
2019,Candelaria,2,Subsidiado (EPSS),3,2,0,3,0,3
2019,Chapinero,1,Contributivo (EPS),1,4,4,8,4,9
2019,Chapinero,1,Contributivo (EPS),2,7,2,7,6,15
2019,Chapinero,1,Contributivo (EPS),3,0,0,0,0,1
2019,Chapinero,1,Ninguno,1,0,0,0,0,1
2019,Chapinero,1,Ninguno,2,2,0,5,3,7
2019,Chapinero,1,Régimen excepcional,1,0,0,0,0,1
2019,Chapinero,1,Subsidiado (EPSS),1,2,1,3,2,6
2019,Chapinero,1,Subsidiado (EPSS),2,0,1,3,4,6
2019,Chapinero,2,Contributivo (EPS),1,19,8,24,9,37
2019,Chapinero,2,Contributivo (EPS),2,21,12,18,8,37
2019,Chapinero,2,Contributivo (EPS),4,0,1,0,0,1
2019,Chapinero,2,Ninguno,1,2,3,4,1,4
2019,Chapinero,2,Ninguno,2,2,1,3,2,4
2019,Chapinero,2,Régimen excepcional,1,1,1,0,0,1
2019,Chapinero,2,Régimen excepcional,2,0,0,1,0,1
2019,Chapinero,2,Subsidiado (EPSS),1,2,2,3,1,4
2019,Chapinero,2,Subsidiado (EPSS),2,9,4,18,7,31
2019,Ciudad Bolívar,1,Contributivo (EPS),1,1,1,1,0,5
2019,Ciudad Bolívar,1,Contributivo (EPS),2,5,2,4,4,22
2019,Ciudad Bolívar,1,Contributivo (EPS),3,0,0,0,0,1
2019,Ciudad Bolívar,1,Ninguno,1,0,1,0,0,1
2019,Ciudad Bolívar,1,Ninguno,2,0,0,0,0,5
2019,Ciudad Bolívar,1,Régimen excepcional,2,1,0,0,0,1
2019,Ciudad Bolívar,1,Subsidiado (EPSS),1,4,2,2,0,7
2019,Ciudad Bolívar,1,Subsidiado (EPSS),2,6,0,5,3,15
2019,Ciudad Bolívar,2,Contributivo (EPS),1,13,4,11,5,26
2019,Ciudad Bolívar,2,Contributivo (EPS),2,21,10,26,13,57
2019,Ciudad Bolívar,2,Ninguno,1,1,0,0,1,2
2019,Ciudad Bolívar,2,Ninguno,2,0,2,0,1,6
2019,Ciudad Bolívar,2,Régimen excepcional,1,0,0,0,0,1
2019,Ciudad Bolívar,2,Régimen excepcional,2,1,0,0,0,2
2019,Ciudad Bolívar,2,Subsidiado (EPSS),1,7,3,9,3,24
2019,Ciudad Bolívar,2,Subsidiado (EPSS),2,8,1,8,5,25
2019,Engativá,1,Contributivo (EPS),3,19,12,17,18,42
2019,Engativá,1,Régimen excepcional,3,1,0,2,1,3
2019,Engativá,1,Subsidiado (EPSS),3,2,0,3,0,5
2019,Engativá,2,Contributivo (EPS),2,5,1,1,4,11
2019,Engativá,2,Contributivo (EPS),3,39,21,30,20,70
2019,Engativá,2,Ninguno,2,0,0,1,0,1
2019,Engativá,2,Ninguno,3,2,1,0,2,4
2019,Engativá,2,Régimen excepcional,3,1,0,1,1,2
2019,Engativá,2,Subsidiado (EPSS),2,0,0,0,0,4
2019,Engativá,2,Subsidiado (EPSS),3,8,7,15,4,26
2019,Fontibón,1,Contributivo (EPS),2,5,2,9,3,13
2019,Fontibón,1,Contributivo (EPS),3,13,6,14,8,27
2019,Fontibón,1,Contributivo (EPS),4,2,0,1,2,4
2019,Fontibón,1,Contributivo (EPS),5,1,0,0,0,1
2019,Fontibón,1,Ninguno,2,1,2,1,3,4
2019,Fontibón,1,Ninguno,3,1,0,0,2,2
2019,Fontibón,1,Régimen excepcional,2,0,0,0,1,1
2019,Fontibón,1,Régimen excepcional,3,1,0,1,0,1
2019,Fontibón,1,Subsidiado (EPSS),2,1,0,1,1,2
2019,Fontibón,1,Subsidiado (EPSS),3,7,2,8,1,10
2019,Fontibón,2,Contributivo (EPS),2,5,3,7,5,22
2019,Fontibón,2,Contributivo (EPS),3,21,7,25,9,45
2019,Fontibón,2,Contributivo (EPS),4,3,2,5,2,9
2019,Fontibón,2,Contributivo (EPS),5,2,0,0,0,3
2019,Fontibón,2,Ninguno,3,2,0,1,2,6
2019,Fontibón,2,Régimen excepcional,4,0,0,0,0,1
2019,Fontibón,2,Subsidiado (EPSS),2,2,0,4,1,5
2019,Fontibón,2,Subsidiado (EPSS),3,4,3,10,5,17
2019,Fontibón,2,Subsidiado (EPSS),4,0,0,0,0,1
2019,Kennedy,1,Contributivo (EPS),2,1,2,6,1,9
2019,Kennedy,1,Contributivo (EPS),3,3,2,4,5,18
2019,Kennedy,1,Contributivo (EPS),4,0,0,1,4,5
2019,Kennedy,1,Ninguno,2,1,0,1,1,3
2019,Kennedy,1,Ninguno,3,0,0,0,1,1
2019,Kennedy,1,Régimen excepcional,2,0,0,0,0,1
2019,Kennedy,1,Régimen excepcional,3,0,0,1,2,2
2019,Kennedy,1,Subsidiado (EPSS),2,1,0,2,2,8
2019,Kennedy,1,Subsidiado (EPSS),3,1,1,3,2,5
2019,Kennedy,1,Subsidiado (EPSS),4,0,1,1,0,1
2019,Kennedy,2,Contributivo (EPS),2,12,5,17,8,39
2019,Kennedy,2,Contributivo (EPS),3,11,9,23,5,40
2019,Kennedy,2,Contributivo (EPS),4,0,2,1,1,3
2019,Kennedy,2,Ninguno,2,0,0,0,0,2
2019,Kennedy,2,Ninguno,3,3,0,3,5,7
2019,Kennedy,2,Régimen excepcional,2,2,0,3,0,3
2019,Kennedy,2,Régimen excepcional,3,0,0,0,0,1
2019,Kennedy,2,Régimen excepcional,4,0,0,1,0,1
2019,Kennedy,2,Subsidiado (EPSS),2,4,4,10,1,19
2019,Kennedy,2,Subsidiado (EPSS),3,3,0,3,4,9
2019,Mártires,1,Contributivo (EPS),3,9,6,3,11,33
2019,Mártires,1,Contributivo (EPS),4,1,1,2,3,4
2019,Mártires,1,Ninguno,3,2,0,1,3,7
2019,Mártires,1,Subsidiado (EPSS),3,4,0,1,4,13
2019,Mártires,2,Contributivo (EPS),3,22,4,14,10,55
2019,Mártires,2,Contributivo (EPS),4,5,2,4,8,15
2019,Mártires,2,Ninguno,3,5,1,5,4,12
2019,Mártires,2,Ninguno,4,1,0,1,1,1
2019,Mártires,2,Régimen excepcional,3,4,0,2,0,4
2019,Mártires,2,Régimen excepcional,4,0,0,0,1,1
2019,Mártires,2,Subsidiado (EPSS),3,11,1,6,8,21
2019,Puente Aranda,1,Contributivo (EPS),3,7,6,12,8,28
2019,Puente Aranda,1,Ninguno,3,0,0,1,2,6
2019,Puente Aranda,1,Subsidiado (EPSS),3,4,1,6,6,14
2019,Puente Aranda,2,Contributivo (EPS),3,30,12,48,16,77
2019,Puente Aranda,2,Ninguno,3,4,1,5,2,11
2019,Puente Aranda,2,Régimen excepcional,3,1,0,3,1,4
2019,Puente Aranda,2,Subsidiado (EPSS),3,13,4,16,5,30
2019,Rafael Uribe,1,Contributivo (EPS),2,2,1,6,3,12
2019,Rafael Uribe,1,Contributivo (EPS),3,0,1,2,5,10
2019,Rafael Uribe,1,Ninguno,2,0,0,1,1,2
2019,Rafael Uribe,1,Ninguno,3,0,0,3,2,3
2019,Rafael Uribe,1,Régimen excepcional,3,0,0,1,0,1
2019,Rafael Uribe,1,Subsidiado (EPSS),2,2,1,6,3,10
2019,Rafael Uribe,1,Subsidiado (EPSS),3,1,0,0,0,4
2019,Rafael Uribe,2,Contributivo (EPS),2,18,8,32,11,51
2019,Rafael Uribe,2,Contributivo (EPS),3,5,1,10,5,24
2019,Rafael Uribe,2,Ninguno,2,2,1,2,4,10
2019,Rafael Uribe,2,Ninguno,3,1,1,3,4,7
2019,Rafael Uribe,2,Régimen excepcional,2,0,1,2,0,4
2019,Rafael Uribe,2,Régimen excepcional,3,2,1,2,2,4
2019,Rafael Uribe,2,Subsidiado (EPSS),2,13,3,12,2,25
2019,Rafael Uribe,2,Subsidiado (EPSS),3,5,1,6,1,16
2019,San Cristóbal,1,Contributivo (EPS),2,6,3,6,10,30
2019,San Cristóbal,1,Contributivo (EPS),3,2,1,1,6,10
2019,San Cristóbal,1,Ninguno,2,0,1,0,2,5
2019,San Cristóbal,1,Ninguno,3,0,0,1,2,3
2019,San Cristóbal,1,Régimen excepcional,2,0,1,0,0,1
2019,San Cristóbal,1,Régimen excepcional,3,2,0,1,0,2
2019,San Cristóbal,1,Subsidiado (EPSS),1,0,0,0,0,1
2019,San Cristóbal,1,Subsidiado (EPSS),2,2,0,5,0,10
2019,San Cristóbal,1,Subsidiado (EPSS),3,1,1,1,1,7
2019,San Cristóbal,2,Contributivo (EPS),1,0,0,0,0,2
2019,San Cristóbal,2,Contributivo (EPS),2,12,5,18,5,38
2019,San Cristóbal,2,Contributivo (EPS),3,3,2,4,3,15
2019,San Cristóbal,2,Ninguno,1,0,0,0,0,1
2019,San Cristóbal,2,Ninguno,2,4,3,4,2,11
2019,San Cristóbal,2,Ninguno,3,1,0,0,1,1
2019,San Cristóbal,2,Subsidiado (EPSS),1,0,0,0,0,1
2019,San Cristóbal,2,Subsidiado (EPSS),2,12,1,17,6,36
2019,San Cristóbal,2,Subsidiado (EPSS),3,5,1,3,2,8
2019,Santa Fe,1,Contributivo (EPS),2,10,2,8,11,23
2019,Santa Fe,1,Contributivo (EPS),3,2,0,3,2,7
2019,Santa Fe,1,Ninguno,1,0,0,0,0,1
2019,Santa Fe,1,Ninguno,2,1,0,1,0,7
2019,Santa Fe,1,Ninguno,3,1,0,1,1,2
2019,Santa Fe,1,Subsidiado (EPSS),2,5,1,3,3,20
2019,Santa Fe,1,Subsidiado (EPSS),3,1,0,0,0,1
2019,Santa Fe,2,Contributivo (EPS),2,5,1,13,4,40
2019,Santa Fe,2,Contributivo (EPS),3,4,1,2,5,14
2019,Santa Fe,2,Ninguno,2,2,0,2,2,6
2019,Santa Fe,2,Ninguno,3,0,0,1,0,2
2019,Santa Fe,2,Régimen excepcional,2,1,0,2,1,2
2019,Santa Fe,2,Subsidiado (EPSS),1,4,0,3,2,10
2019,Santa Fe,2,Subsidiado (EPSS),2,11,3,13,5,46
2019,Santa Fe,2,Subsidiado (EPSS),3,1,1,0,2,6
2019,Suba,1,Contributivo (EPS),2,11,8,16,13,27
2019,Suba,1,Contributivo (EPS),3,6,6,4,5,11
2019,Suba,1,Contributivo (EPS),4,1,0,0,1,2
2019,Suba,1,Ninguno,2,1,1,1,1,2
2019,Suba,1,Ninguno,3,1,0,2,1,5
2019,Suba,1,Subsidiado (EPSS),2,1,0,0,3,3
2019,Suba,2,Contributivo (EPS),2,46,22,40,21,65
2019,Suba,2,Contributivo (EPS),3,10,7,10,2,19
2019,Suba,2,Ninguno,2,5,1,4,2,6
2019,Suba,2,Ninguno,3,2,0,0,1,3
2019,Suba,2,Régimen excepcional,2,1,0,1,0,1
2019,Suba,2,Subsidiado (EPSS),2,14,6,13,5,21
2019,Suba,2,Subsidiado (EPSS),3,1,2,1,1,6
2019,Teusaquillo,1,Contributivo (EPS),3,10,6,8,5,17
2019,Teusaquillo,1,Contributivo (EPS),4,17,10,11,14,33
2019,Teusaquillo,1,Ninguno,3,1,0,1,2,3
2019,Teusaquillo,1,Ninguno,4,2,2,1,2,4
2019,Teusaquillo,1,Régimen excepcional,4,0,0,1,1,2
2019,Teusaquillo,1,Subsidiado (EPSS),2,2,0,0,4,4
2019,Teusaquillo,1,Subsidiado (EPSS),3,1,0,2,1,2
2019,Teusaquillo,1,Subsidiado (EPSS),4,1,0,1,0,1
2019,Teusaquillo,2,Contributivo (EPS),3,18,9,12,10,34
2019,Teusaquillo,2,Contributivo (EPS),4,27,13,25,12,43
2019,Teusaquillo,2,Ninguno,3,1,0,0,0,2
2019,Teusaquillo,2,Ninguno,4,1,0,1,1,2
2019,Teusaquillo,2,Régimen excepcional,3,1,0,0,0,1
2019,Teusaquillo,2,Régimen excepcional,4,2,1,1,0,3
2019,Teusaquillo,2,Subsidiado (EPSS),2,1,1,1,2,3
2019,Teusaquillo,2,Subsidiado (EPSS),3,0,0,0,1,2
2019,Teusaquillo,2,Subsidiado (EPSS),4,4,2,5,3,7
2019,Tunjuelito,1,Contributivo (EPS),2,5,1,4,2,15
2019,Tunjuelito,1,Contributivo (EPS),3,6,0,4,3,12
2019,Tunjuelito,1,Ninguno,2,2,0,1,1,3
2019,Tunjuelito,1,Ninguno,3,2,0,0,1,3
2019,Tunjuelito,1,Subsidiado (EPSS),2,5,3,4,1,15
2019,Tunjuelito,1,Subsidiado (EPSS),3,2,0,1,1,2
2019,Tunjuelito,2,Contributivo (EPS),2,15,9,25,2,49
2019,Tunjuelito,2,Contributivo (EPS),3,12,0,8,4,17
2019,Tunjuelito,2,Ninguno,2,2,1,1,0,5
2019,Tunjuelito,2,Ninguno,3,6,0,1,0,7
2019,Tunjuelito,2,Régimen excepcional,2,1,1,1,0,2
2019,Tunjuelito,2,Régimen excepcional,3,1,0,0,0,1
2019,Tunjuelito,2,Subsidiado (EPSS),2,10,6,13,5,30
2019,Tunjuelito,2,Subsidiado (EPSS),3,5,0,2,2,5
2019,Usaquén,1,Contributivo (EPS),1,0,0,1,2,2
2019,Usaquén,1,Contributivo (EPS),2,4,4,5,4,9
2019,Usaquén,1,Contributivo (EPS),3,3,3,6,3,14
2019,Usaquén,1,Contributivo (EPS),4,2,2,3,4,6
2019,Usaquén,1,Ninguno,3,1,0,1,2,2
2019,Usaquén,1,Ninguno,4,0,0,0,1,1
2019,Usaquén,1,Subsidiado (EPSS),1,1,0,1,1,2
2019,Usaquén,1,Subsidiado (EPSS),2,0,0,1,0,1
2019,Usaquén,1,Subsidiado (EPSS),3,1,0,0,1,3
2019,Usaquén,2,Contributivo (EPS),1,2,1,5,0,8
2019,Usaquén,2,Contributivo (EPS),2,10,6,12,6,22
2019,Usaquén,2,Contributivo (EPS),3,24,12,24,10,45
2019,Usaquén,2,Contributivo (EPS),4,8,4,8,3,13
2019,Usaquén,2,Ninguno,1,0,0,0,0,1
2019,Usaquén,2,Ninguno,2,1,1,2,0,4
2019,Usaquén,2,Ninguno,3,0,0,1,0,3
2019,Usaquén,2,Régimen excepcional,3,1,1,2,0,3
2019,Usaquén,2,Subsidiado (EPSS),1,2,2,4,0,4
2019,Usaquén,2,Subsidiado (EPSS),2,5,3,6,3,15
2019,Usaquén,2,Subsidiado (EPSS),3,7,3,6,0,10
2019,Usme,1,Contributivo (EPS),1,6,1,2,5,12
2019,Usme,1,Contributivo (EPS),2,3,1,1,3,11
2019,Usme,1,Ninguno,1,1,0,0,0,3
2019,Usme,1,Ninguno,2,0,0,1,1,3
2019,Usme,1,Subsidiado (EPSS),1,1,0,0,0,8
2019,Usme,1,Subsidiado (EPSS),2,4,2,4,1,6
2019,Usme,2,Contributivo (EPS),1,11,13,15,8,40
2019,Usme,2,Contributivo (EPS),2,5,6,12,0,29
2019,Usme,2,Ninguno,1,2,0,0,0,3
2019,Usme,2,Ninguno,2,0,0,1,1,2
2019,Usme,2,Régimen excepcional,1,0,0,1,0,1
2019,Usme,2,Subsidiado (EPSS),1,14,2,11,8,26
2019,Usme,2,Subsidiado (EPSS),2,15,3,10,4,23
2020,Antonio Nariño,1,Contributivo (EPS),2,0,0,0,3,3
2020,Antonio Nariño,1,Contributivo (EPS),3,3,0,2,3,7
2020,Antonio Nariño,1,Ninguno,2,1,0,0,0,1
2020,Antonio Nariño,1,Ninguno,3,1,0,0,1,1
2020,Antonio Nariño,1,Régimen excepcional,3,0,0,0,0,1
2020,Antonio Nariño,1,Subsidiado (EPSS),3,2,3,3,2,5
2020,Antonio Nariño,2,Contributivo (EPS),2,3,3,1,0,3
2020,Antonio Nariño,2,Contributivo (EPS),3,6,2,15,5,42
2020,Antonio Nariño,2,Ninguno,3,0,0,1,0,2
2020,Antonio Nariño,2,Régimen excepcional,3,1,0,1,1,4
2020,Antonio Nariño,2,Subsidiado (EPSS),2,0,0,1,0,1
2020,Antonio Nariño,2,Subsidiado (EPSS),3,2,3,5,6,19
2020,Barrios Unidos,1,Contributivo (EPS),2,0,0,0,0,1
2020,Barrios Unidos,1,Contributivo (EPS),3,1,0,1,6,13
2020,Barrios Unidos,1,Contributivo (EPS),4,1,0,0,2,3
2020,Barrios Unidos,1,Ninguno,3,0,0,0,0,1
2020,Barrios Unidos,1,Subsidiado (EPSS),3,0,0,0,0,1
2020,Barrios Unidos,2,Contributivo (EPS),2,0,0,0,0,3
2020,Barrios Unidos,2,Contributivo (EPS),3,12,6,20,18,35
2020,Barrios Unidos,2,Contributivo (EPS),4,2,0,5,3,10
2020,Barrios Unidos,2,Ninguno,3,0,0,0,0,1
2020,Barrios Unidos,2,Ninguno,4,1,0,1,1,1
2020,Barrios Unidos,2,Subsidiado (EPSS),3,3,3,2,4,15
2020,Bosa,1,Contributivo (EPS),2,1,0,4,7,21
2020,Bosa,1,Ninguno,2,0,1,2,2,3
2020,Bosa,1,Subsidiado (EPSS),2,0,0,2,1,6
2020,Bosa,2,Contributivo (EPS),2,8,0,15,16,64
2020,Bosa,2,Contributivo (EPS),3,0,0,2,1,6
2020,Bosa,2,Contributivo (EPS),4,0,0,0,0,1
2020,Bosa,2,Ninguno,2,1,0,2,3,11
2020,Bosa,2,Ninguno,3,0,0,0,0,1
2020,Bosa,2,Subsidiado (EPSS),2,3,1,9,5,36
2020,Bosa,2,Subsidiado (EPSS),3,0,0,0,0,1
2020,Candelaria,1,Contributivo (EPS),2,3,2,4,3,7
2020,Candelaria,1,Régimen excepcional,3,1,1,0,0,1
2020,Candelaria,1,Subsidiado (EPSS),2,1,0,0,0,1
2020,Candelaria,1,Subsidiado (EPSS),3,1,1,1,1,1
2020,Candelaria,2,Contributivo (EPS),2,5,3,9,8,18
2020,Candelaria,2,Contributivo (EPS),3,2,0,1,1,3
2020,Candelaria,2,Ninguno,2,1,0,0,0,1
2020,Candelaria,2,Subsidiado (EPSS),1,0,0,0,0,1
2020,Candelaria,2,Subsidiado (EPSS),2,7,0,6,7,19
2020,Candelaria,2,Subsidiado (EPSS),3,0,0,0,0,1
2020,Chapinero,1,Contributivo (EPS),1,0,0,0,0,1
2020,Chapinero,1,Contributivo (EPS),2,2,1,2,4,6
2020,Chapinero,1,Contributivo (EPS),3,0,0,1,2,6
2020,Chapinero,1,Contributivo (EPS),4,0,0,0,1,2
2020,Chapinero,1,Ninguno,1,0,0,1,1,1
2020,Chapinero,1,Ninguno,2,0,0,2,1,2
2020,Chapinero,1,Subsidiado (EPSS),1,1,0,1,0,2
2020,Chapinero,1,Subsidiado (EPSS),2,0,0,0,0,1
2020,Chapinero,1,Subsidiado (EPSS),4,0,0,0,0,1
2020,Chapinero,2,Contributivo (EPS),1,2,2,4,2,7
2020,Chapinero,2,Contributivo (EPS),2,5,1,13,7,24
2020,Chapinero,2,Contributivo (EPS),3,0,2,3,3,10
2020,Chapinero,2,Contributivo (EPS),4,2,0,5,10,16
2020,Chapinero,2,Régimen excepcional,2,0,0,1,1,2
2020,Chapinero,2,Subsidiado (EPSS),1,1,0,1,0,2
2020,Chapinero,2,Subsidiado (EPSS),2,3,3,8,4,11
2020,Chapinero,2,Subsidiado (EPSS),3,0,0,0,0,1
2020,Chapinero,2,Subsidiado (EPSS),4,0,0,0,1,1
2020,Ciudad Bolívar,1,Contributivo (EPS),1,1,2,2,3,6
2020,Ciudad Bolívar,1,Contributivo (EPS),2,0,1,0,2,3
2020,Ciudad Bolívar,1,Subsidiado (EPSS),1,1,2,2,4,9
2020,Ciudad Bolívar,2,Contributivo (EPS),1,1,8,14,6,30
2020,Ciudad Bolívar,2,Contributivo (EPS),2,4,4,11,9,32
2020,Ciudad Bolívar,2,Ninguno,1,0,0,0,1,4
2020,Ciudad Bolívar,2,Ninguno,2,1,0,0,1,2
2020,Ciudad Bolívar,2,Régimen excepcional,2,0,0,0,0,1
2020,Ciudad Bolívar,2,Subsidiado (EPSS),1,6,8,10,3,29
2020,Ciudad Bolívar,2,Subsidiado (EPSS),2,2,0,4,4,11
2020,Engativá,1,Contributivo (EPS),2,0,0,3,3,5
2020,Engativá,1,Contributivo (EPS),3,4,2,6,7,19
2020,Engativá,1,Ninguno,1,0,0,1,1,1
2020,Engativá,1,Ninguno,2,1,0,1,1,1
2020,Engativá,1,Ninguno,3,0,0,1,3,3
2020,Engativá,1,Régimen excepcional,3,0,1,1,0,2
2020,Engativá,1,Subsidiado (EPSS),2,0,0,0,0,1
2020,Engativá,1,Subsidiado (EPSS),3,0,0,0,1,3
2020,Engativá,2,Contributivo (EPS),2,2,0,2,6,12
2020,Engativá,2,Contributivo (EPS),3,18,15,33,30,73
2020,Engativá,2,Ninguno,3,1,0,1,1,2
2020,Engativá,2,Régimen excepcional,3,0,1,1,1,4
2020,Engativá,2,Subsidiado (EPSS),2,3,1,3,3,11
2020,Engativá,2,Subsidiado (EPSS),3,4,1,5,3,18
2020,Fontibón,1,Contributivo (EPS),2,0,0,0,1,2
2020,Fontibón,1,Contributivo (EPS),3,2,0,4,5,8
2020,Fontibón,1,Contributivo (EPS),4,2,1,4,5,8
2020,Fontibón,1,Ninguno,3,1,0,1,1,2
2020,Fontibón,1,Ninguno,4,1,0,2,1,3
2020,Fontibón,1,Subsidiado (EPSS),2,1,0,2,1,3
2020,Fontibón,1,Subsidiado (EPSS),3,2,0,3,1,4
2020,Fontibón,2,Contributivo (EPS),2,4,0,10,7,14
2020,Fontibón,2,Contributivo (EPS),3,17,0,21,13,35
2020,Fontibón,2,Contributivo (EPS),4,1,0,1,0,3
2020,Fontibón,2,Ninguno,2,1,0,0,0,2
2020,Fontibón,2,Ninguno,3,3,0,4,0,7
2020,Fontibón,2,Régimen excepcional,2,1,0,1,1,2
2020,Fontibón,2,Régimen excepcional,3,1,0,1,0,2
2020,Fontibón,2,Subsidiado (EPSS),2,2,0,1,2,4
2020,Fontibón,2,Subsidiado (EPSS),3,6,1,7,1,12
2020,Fontibón,2,Subsidiado (EPSS),4,1,0,0,0,1
2020,Kennedy,1,Contributivo (EPS),2,0,0,1,7,13
2020,Kennedy,1,Contributivo (EPS),3,1,1,1,8,11
2020,Kennedy,1,Ninguno,2,0,1,4,3,7
2020,Kennedy,1,Ninguno,3,0,1,0,1,1
2020,Kennedy,1,Régimen excepcional,2,0,0,0,1,1
2020,Kennedy,1,Régimen excepcional,3,0,0,0,1,1
2020,Kennedy,1,Subsidiado (EPSS),2,1,0,1,0,5
2020,Kennedy,1,Subsidiado (EPSS),3,0,0,0,1,2
2020,Kennedy,2,Contributivo (EPS),2,6,2,13,19,57
2020,Kennedy,2,Contributivo (EPS),3,1,1,5,13,25
2020,Kennedy,2,Ninguno,2,0,0,2,1,6
2020,Kennedy,2,Ninguno,3,0,0,0,1,2
2020,Kennedy,2,Régimen excepcional,2,1,0,1,1,1
2020,Kennedy,2,Régimen excepcional,3,0,0,0,0,1
2020,Kennedy,2,Subsidiado (EPSS),2,3,1,4,10,20
2020,Kennedy,2,Subsidiado (EPSS),3,1,0,1,5,9
2020,Mártires,1,Contributivo (EPS),3,4,1,4,1,8
2020,Mártires,1,Contributivo (EPS),4,0,0,0,1,2
2020,Mártires,1,Ninguno,3,0,1,0,2,2
2020,Mártires,1,Subsidiado (EPSS),3,4,1,0,4,6
2020,Mártires,2,Contributivo (EPS),2,1,0,0,0,4
2020,Mártires,2,Contributivo (EPS),3,4,1,9,6,30
2020,Mártires,2,Ninguno,3,2,0,1,0,4
2020,Mártires,2,Subsidiado (EPSS),2,0,0,0,0,4
2020,Mártires,2,Subsidiado (EPSS),3,4,1,9,5,22
2020,Puente Aranda,1,Contributivo (EPS),3,2,1,4,4,16
2020,Puente Aranda,1,Subsidiado (EPSS),3,0,0,1,2,3
2020,Puente Aranda,2,Contributivo (EPS),3,3,2,13,12,41
2020,Puente Aranda,2,Ninguno,3,0,1,1,2,3
2020,Puente Aranda,2,Régimen excepcional,3,0,0,0,2,6
2020,Puente Aranda,2,Subsidiado (EPSS),3,0,0,3,1,14
2020,Rafael Uribe,1,Contributivo (EPS),2,0,0,1,1,2
2020,Rafael Uribe,1,Contributivo (EPS),3,0,0,1,1,2
2020,Rafael Uribe,1,Ninguno,2,1,0,1,0,2
2020,Rafael Uribe,1,Subsidiado (EPSS),2,1,0,2,0,3
2020,Rafael Uribe,2,Contributivo (EPS),1,0,0,0,0,1
2020,Rafael Uribe,2,Contributivo (EPS),2,4,6,12,8,23
2020,Rafael Uribe,2,Contributivo (EPS),3,3,4,5,7,22
2020,Rafael Uribe,2,Ninguno,2,1,0,2,1,2
2020,Rafael Uribe,2,Ninguno,3,1,0,1,1,4
2020,Rafael Uribe,2,Régimen excepcional,3,0,0,0,0,1
2020,Rafael Uribe,2,Subsidiado (EPSS),1,1,1,4,1,7
2020,Rafael Uribe,2,Subsidiado (EPSS),2,6,3,13,5,26
2020,Rafael Uribe,2,Subsidiado (EPSS),3,5,4,11,3,18
2020,San Cristóbal,1,Contributivo (EPS),1,0,0,0,0,1
2020,San Cristóbal,1,Contributivo (EPS),2,0,0,0,1,5
2020,San Cristóbal,1,Contributivo (EPS),3,0,0,0,1,1
2020,San Cristóbal,1,Ninguno,2,0,0,0,0,2
2020,San Cristóbal,1,Régimen excepcional,3,0,0,0,0,1
2020,San Cristóbal,1,Subsidiado (EPSS),2,0,0,1,0,2
2020,San Cristóbal,1,Subsidiado (EPSS),3,0,0,0,0,1
2020,San Cristóbal,2,Contributivo (EPS),1,0,0,0,1,1
2020,San Cristóbal,2,Contributivo (EPS),2,5,8,18,14,40
2020,San Cristóbal,2,Contributivo (EPS),3,1,1,4,2,7
2020,San Cristóbal,2,Ninguno,2,0,0,0,0,1
2020,San Cristóbal,2,Ninguno,3,0,0,0,1,1
2020,San Cristóbal,2,Régimen excepcional,3,0,0,0,1,2
2020,San Cristóbal,2,Subsidiado (EPSS),1,1,2,3,3,7
2020,San Cristóbal,2,Subsidiado (EPSS),2,2,5,11,8,37
2020,San Cristóbal,2,Subsidiado (EPSS),3,0,0,3,0,5
2020,Santa Fe,1,Contributivo (EPS),2,1,2,1,4,10
2020,Santa Fe,1,Contributivo (EPS),3,0,1,1,2,2
2020,Santa Fe,1,Contributivo (EPS),4,0,0,0,1,1
2020,Santa Fe,1,Ninguno,2,1,0,1,1,3
2020,Santa Fe,1,Ninguno,3,1,1,0,0,1
2020,Santa Fe,1,Subsidiado (EPSS),2,0,0,0,0,3
2020,Santa Fe,2,Contributivo (EPS),1,0,0,0,0,1
2020,Santa Fe,2,Contributivo (EPS),2,0,4,7,8,19
2020,Santa Fe,2,Contributivo (EPS),3,0,0,1,3,7
2020,Santa Fe,2,Ninguno,2,0,0,1,1,2
2020,Santa Fe,2,Ninguno,3,0,0,0,1,1
2020,Santa Fe,2,Régimen excepcional,4,0,0,0,0,1
2020,Santa Fe,2,Subsidiado (EPSS),1,0,0,0,0,2
2020,Santa Fe,2,Subsidiado (EPSS),2,4,0,12,8,29
2020,Santa Fe,2,Subsidiado (EPSS),3,0,0,2,1,2
2020,Suba,1,Contributivo (EPS),2,4,2,4,10,18
2020,Suba,1,Contributivo (EPS),3,3,3,5,6,16
2020,Suba,1,Contributivo (EPS),4,0,0,0,1,1
2020,Suba,1,Ninguno,3,1,1,1,0,1
2020,Suba,1,Régimen excepcional,2,0,0,1,1,2
2020,Suba,1,Subsidiado (EPSS),2,0,1,1,4,7
2020,Suba,1,Subsidiado (EPSS),3,0,0,1,0,3
2020,Suba,2,Contributivo (EPS),1,0,0,0,0,1
2020,Suba,2,Contributivo (EPS),2,8,8,18,22,40
2020,Suba,2,Contributivo (EPS),3,11,5,15,9,46
2020,Suba,2,Contributivo (EPS),4,0,0,0,1,2
2020,Suba,2,Ninguno,2,1,0,2,1,2
2020,Suba,2,Ninguno,3,1,2,3,2,4
2020,Suba,2,Régimen excepcional,2,0,0,0,1,1
2020,Suba,2,Régimen excepcional,3,1,0,2,0,2
2020,Suba,2,Subsidiado (EPSS),2,4,5,9,6,23
2020,Suba,2,Subsidiado (EPSS),3,0,0,2,1,6
2020,Teusaquillo,1,Contributivo (EPS),2,0,0,0,1,1
2020,Teusaquillo,1,Contributivo (EPS),3,1,0,2,4,11
2020,Teusaquillo,1,Contributivo (EPS),4,3,2,3,7,18
2020,Teusaquillo,1,Régimen excepcional,4,0,0,0,0,1
2020,Teusaquillo,2,Contributivo (EPS),3,1,0,6,7,17
2020,Teusaquillo,2,Contributivo (EPS),4,11,3,20,16,32
2020,Teusaquillo,2,Contributivo (EPS),5,1,0,1,0,2
2020,Teusaquillo,2,Ninguno,3,0,0,0,0,1
2020,Teusaquillo,2,Régimen excepcional,4,1,0,1,0,1
2020,Teusaquillo,2,Subsidiado (EPSS),2,1,0,1,0,1
2020,Teusaquillo,2,Subsidiado (EPSS),3,2,0,2,2,4
2020,Teusaquillo,2,Subsidiado (EPSS),4,0,0,1,0,4
2020,Tunjuelito,1,Contributivo (EPS),2,3,0,2,5,10
2020,Tunjuelito,1,Contributivo (EPS),3,0,0,0,0,1
2020,Tunjuelito,1,Ninguno,2,0,0,0,0,1
2020,Tunjuelito,1,Ninguno,3,0,1,1,0,1
2020,Tunjuelito,1,Régimen excepcional,2,1,0,0,0,1
2020,Tunjuelito,1,Subsidiado (EPSS),2,1,0,1,0,4
2020,Tunjuelito,2,Contributivo (EPS),2,6,9,14,10,42
2020,Tunjuelito,2,Contributivo (EPS),3,0,2,1,2,8
2020,Tunjuelito,2,Ninguno,2,0,0,0,0,2
2020,Tunjuelito,2,Ninguno,3,0,0,1,0,2
2020,Tunjuelito,2,Régimen excepcional,2,0,0,1,0,2
2020,Tunjuelito,2,Subsidiado (EPSS),2,2,4,7,2,20
2020,Tunjuelito,2,Subsidiado (EPSS),3,0,0,1,1,3
2020,Usaquén,1,Contributivo (EPS),2,2,1,1,1,4
2020,Usaquén,1,Contributivo (EPS),3,2,2,5,6,9
2020,Usaquén,1,Contributivo (EPS),4,0,0,0,1,2
2020,Usaquén,1,Subsidiado (EPSS),3,0,0,0,0,1
2020,Usaquén,2,Contributivo (EPS),1,1,0,3,0,3
2020,Usaquén,2,Contributivo (EPS),2,4,2,7,5,17
2020,Usaquén,2,Contributivo (EPS),3,8,3,19,22,49
2020,Usaquén,2,Contributivo (EPS),4,3,0,5,2,11
2020,Usaquén,2,Ninguno,2,0,0,0,1,2
2020,Usaquén,2,Ninguno,3,1,1,0,0,2
2020,Usaquén,2,Ninguno,4,1,0,1,0,2
2020,Usaquén,2,Régimen excepcional,3,0,0,1,1,2
2020,Usaquén,2,Régimen excepcional,5,1,1,0,0,1
2020,Usaquén,2,Subsidiado (EPSS),1,0,0,1,1,1
2020,Usaquén,2,Subsidiado (EPSS),2,3,0,2,0,7
2020,Usaquén,2,Subsidiado (EPSS),3,1,2,2,3,6
2020,Usme,1,Contributivo (EPS),1,1,1,0,2,5
2020,Usme,1,Contributivo (EPS),2,3,1,4,4,10
2020,Usme,1,Ninguno,2,0,0,0,2,2
2020,Usme,1,Régimen excepcional,1,1,1,1,1,1
2020,Usme,1,Subsidiado (EPSS),1,0,0,0,1,2
2020,Usme,1,Subsidiado (EPSS),2,0,1,1,0,5
2020,Usme,2,Contributivo (EPS),1,5,0,6,6,21
2020,Usme,2,Contributivo (EPS),2,5,2,8,9,24
2020,Usme,2,Ninguno,1,0,0,1,0,2
2020,Usme,2,Ninguno,2,2,1,3,2,5
2020,Usme,2,Régimen excepcional,1,0,0,0,0,2
2020,Usme,2,Subsidiado (EPSS),1,9,4,9,5,28
2020,Usme,2,Subsidiado (EPSS),2,6,0,12,3,21
2021,Antonio Nariño,1,Contributivo (EPS),2,0,0,0,0,2
2021,Antonio Nariño,1,Contributivo (EPS),3,3,0,4,5,13
2021,Antonio Nariño,1,Régimen excepcional,3,2,0,2,0,2
2021,Antonio Nariño,1,Subsidiado (EPSS),3,2,0,7,2,8
2021,Antonio Nariño,2,Contributivo (EPS),2,2,2,4,2,5
2021,Antonio Nariño,2,Contributivo (EPS),3,15,2,35,17,57
2021,Antonio Nariño,2,Ninguno,3,0,0,0,0,1
2021,Antonio Nariño,2,Régimen excepcional,3,5,0,6,1,8
2021,Antonio Nariño,2,Subsidiado (EPSS),2,1,0,2,2,5
2021,Antonio Nariño,2,Subsidiado (EPSS),3,5,1,10,7,17
2021,Barrios Unidos,1,Contributivo (EPS),3,5,2,11,15,28
2021,Barrios Unidos,1,Contributivo (EPS),4,0,0,1,1,4
2021,Barrios Unidos,1,Ninguno,3,0,0,0,1,1
2021,Barrios Unidos,1,Subsidiado (EPSS),3,3,2,1,0,7
2021,Barrios Unidos,2,Contributivo (EPS),3,11,8,14,8,43
2021,Barrios Unidos,2,Contributivo (EPS),4,0,0,1,0,3
2021,Barrios Unidos,2,Ninguno,3,0,0,0,0,1
2021,Barrios Unidos,2,Régimen excepcional,3,1,0,1,0,3
2021,Barrios Unidos,2,Subsidiado (EPSS),3,2,0,5,1,12
2021,Bosa,1,Contributivo (EPS),1,0,0,0,0,1
2021,Bosa,1,Contributivo (EPS),2,1,0,5,5,17
2021,Bosa,1,Contributivo (EPS),3,1,0,0,2,3
2021,Bosa,1,Ninguno,3,0,0,0,0,1
2021,Bosa,1,Subsidiado (EPSS),2,0,0,3,3,10
2021,Bosa,2,Contributivo (EPS),1,0,0,1,2,3
2021,Bosa,2,Contributivo (EPS),2,12,2,42,26,104
2021,Bosa,2,Contributivo (EPS),3,1,0,1,2,6
2021,Bosa,2,Ninguno,2,0,0,3,0,6
2021,Bosa,2,Régimen excepcional,2,0,0,1,0,5
2021,Bosa,2,Subsidiado (EPSS),1,1,0,3,1,4
2021,Bosa,2,Subsidiado (EPSS),2,6,0,30,5,58
2021,Bosa,2,Subsidiado (EPSS),3,0,0,1,0,2
2021,Candelaria,1,Contributivo (EPS),1,0,0,1,0,1
2021,Candelaria,1,Contributivo (EPS),2,1,0,3,7,9
2021,Candelaria,1,Contributivo (EPS),3,1,0,0,0,1
2021,Candelaria,1,Ninguno,2,0,0,1,1,1
2021,Candelaria,1,Régimen excepcional,2,1,0,0,1,1
2021,Candelaria,1,Subsidiado (EPSS),2,1,0,1,0,3
2021,Candelaria,2,Contributivo (EPS),1,1,0,1,0,1
2021,Candelaria,2,Contributivo (EPS),2,0,0,6,7,15
2021,Candelaria,2,Subsidiado (EPSS),1,0,0,0,0,1
2021,Candelaria,2,Subsidiado (EPSS),2,1,2,10,8,23
2021,Candelaria,2,Subsidiado (EPSS),3,0,0,0,0,1
2021,Chapinero,1,Contributivo (EPS),1,1,1,2,3,5
2021,Chapinero,1,Contributivo (EPS),2,0,0,1,1,4
2021,Chapinero,1,Contributivo (EPS),3,1,0,1,2,6
2021,Chapinero,1,Contributivo (EPS),4,1,1,2,3,4
2021,Chapinero,1,Ninguno,2,0,0,0,1,1
2021,Chapinero,1,Régimen excepcional,1,1,1,1,0,1
2021,Chapinero,1,Régimen excepcional,4,0,0,0,0,1
2021,Chapinero,1,Subsidiado (EPSS),1,2,2,2,3,7
2021,Chapinero,1,Subsidiado (EPSS),2,0,0,1,1,1
2021,Chapinero,1,Subsidiado (EPSS),4,0,0,0,1,1
2021,Chapinero,2,Contributivo (EPS),1,4,4,5,4,16
2021,Chapinero,2,Contributivo (EPS),2,4,1,3,6,13
2021,Chapinero,2,Contributivo (EPS),3,3,2,4,2,8
2021,Chapinero,2,Contributivo (EPS),4,3,1,3,4,9
2021,Chapinero,2,Subsidiado (EPSS),1,0,0,1,1,5
2021,Chapinero,2,Subsidiado (EPSS),2,4,1,2,0,14
2021,Chapinero,2,Subsidiado (EPSS),3,0,0,1,0,2
2021,Chapinero,2,Subsidiado (EPSS),4,1,0,2,1,3
2021,Ciudad Bolívar,1,Contributivo (EPS),1,7,2,5,5,15
2021,Ciudad Bolívar,1,Contributivo (EPS),2,0,1,7,4,12
2021,Ciudad Bolívar,1,Contributivo (EPS),3,0,0,1,0,2
2021,Ciudad Bolívar,1,Ninguno,1,1,0,1,0,2
2021,Ciudad Bolívar,1,Ninguno,2,0,0,0,0,1
2021,Ciudad Bolívar,1,Ninguno,3,0,0,1,0,1
2021,Ciudad Bolívar,1,Régimen excepcional,1,0,0,0,0,1
2021,Ciudad Bolívar,1,Régimen excepcional,2,0,0,0,0,2
2021,Ciudad Bolívar,1,Subsidiado (EPSS),1,5,0,6,2,14
2021,Ciudad Bolívar,1,Subsidiado (EPSS),2,2,0,2,1,8
2021,Ciudad Bolívar,1,Subsidiado (EPSS),3,0,0,0,1,1
2021,Ciudad Bolívar,2,Contributivo (EPS),1,19,7,21,15,63
2021,Ciudad Bolívar,2,Contributivo (EPS),2,19,11,37,16,60
2021,Ciudad Bolívar,2,Contributivo (EPS),3,0,0,0,1,2
2021,Ciudad Bolívar,2,Ninguno,1,1,0,2,1,4
2021,Ciudad Bolívar,2,Ninguno,2,0,0,1,0,2
2021,Ciudad Bolívar,2,Régimen excepcional,1,1,0,0,0,1
2021,Ciudad Bolívar,2,Régimen excepcional,2,1,1,1,1,2
2021,Ciudad Bolívar,2,Subsidiado (EPSS),1,30,4,30,4,52
2021,Ciudad Bolívar,2,Subsidiado (EPSS),2,8,1,22,6,35
2021,Ciudad Bolívar,2,Subsidiado (EPSS),3,0,0,1,1,1
2021,Engativá,1,Contributivo (EPS),2,2,0,4,2,8
2021,Engativá,1,Contributivo (EPS),3,6,2,9,16,46
2021,Engativá,1,Ninguno,3,1,0,1,1,3
2021,Engativá,1,Régimen excepcional,3,2,0,3,2,5
2021,Engativá,1,Subsidiado (EPSS),2,1,0,1,0,5
2021,Engativá,1,Subsidiado (EPSS),3,1,2,3,1,14
2021,Engativá,2,Contributivo (EPS),1,1,0,2,1,4
2021,Engativá,2,Contributivo (EPS),2,12,4,13,7,29
2021,Engativá,2,Contributivo (EPS),3,10,10,40,19,98
2021,Engativá,2,Ninguno,2,0,0,1,1,2
2021,Engativá,2,Ninguno,3,0,0,0,0,2
2021,Engativá,2,Régimen excepcional,3,0,0,2,0,4
2021,Engativá,2,Subsidiado (EPSS),2,3,2,5,3,22
2021,Engativá,2,Subsidiado (EPSS),3,2,1,6,2,19
2021,Fontibón,1,Contributivo (EPS),2,1,0,4,5,8
2021,Fontibón,1,Contributivo (EPS),3,5,0,9,8,19
2021,Fontibón,1,Contributivo (EPS),4,0,0,2,4,8
2021,Fontibón,1,Ninguno,3,1,0,1,0,2
2021,Fontibón,1,Ninguno,4,1,0,1,0,2
2021,Fontibón,1,Régimen excepcional,3,0,0,0,2,2
2021,Fontibón,1,Régimen excepcional,4,0,0,1,0,1
2021,Fontibón,1,Subsidiado (EPSS),2,0,0,0,0,1
2021,Fontibón,1,Subsidiado (EPSS),3,0,0,2,2,3
2021,Fontibón,2,Contributivo (EPS),2,4,0,9,3,13
2021,Fontibón,2,Contributivo (EPS),3,7,0,22,14,33
2021,Fontibón,2,Contributivo (EPS),4,1,0,9,3,16
2021,Fontibón,2,Ninguno,2,1,0,0,0,1
2021,Fontibón,2,Régimen excepcional,2,1,0,2,0,2
2021,Fontibón,2,Subsidiado (EPSS),2,3,1,6,0,9
2021,Fontibón,2,Subsidiado (EPSS),3,3,1,5,1,8
2021,Kennedy,1,Contributivo (EPS),2,1,0,4,8,25
2021,Kennedy,1,Contributivo (EPS),3,4,2,18,14,43
2021,Kennedy,1,Contributivo (EPS),4,0,0,0,1,3
2021,Kennedy,1,Ninguno,2,0,0,0,0,2
2021,Kennedy,1,Ninguno,3,0,0,0,1,2
2021,Kennedy,1,Régimen excepcional,3,0,0,3,2,5
2021,Kennedy,1,Subsidiado (EPSS),2,1,0,4,5,12
2021,Kennedy,1,Subsidiado (EPSS),3,3,0,6,3,12
2021,Kennedy,2,Contributivo (EPS),2,12,4,22,28,96
2021,Kennedy,2,Contributivo (EPS),3,5,4,25,18,69
2021,Kennedy,2,Contributivo (EPS),4,0,0,0,1,2
2021,Kennedy,2,Ninguno,2,1,0,1,4,5
2021,Kennedy,2,Ninguno,3,0,0,1,1,3
2021,Kennedy,2,Régimen excepcional,2,1,0,1,0,2
2021,Kennedy,2,Régimen excepcional,3,1,0,1,1,2
2021,Kennedy,2,Subsidiado (EPSS),2,3,1,14,7,56
2021,Kennedy,2,Subsidiado (EPSS),3,2,0,7,6,22
2021,Mártires,1,Contributivo (EPS),2,0,0,1,1,2
2021,Mártires,1,Contributivo (EPS),3,5,1,7,5,16
2021,Mártires,1,Ninguno,3,1,0,0,1,2
2021,Mártires,1,Régimen excepcional,3,0,0,1,1,2
2021,Mártires,1,Subsidiado (EPSS),3,2,0,6,4,11
2021,Mártires,2,Contributivo (EPS),2,0,1,2,2,3
2021,Mártires,2,Contributivo (EPS),3,13,4,21,13,41
2021,Mártires,2,Ninguno,3,0,0,1,2,2
2021,Mártires,2,Régimen excepcional,3,1,2,2,1,2
2021,Mártires,2,Subsidiado (EPSS),2,0,0,1,0,3
2021,Mártires,2,Subsidiado (EPSS),3,5,1,16,4,25
2021,Puente Aranda,1,Contributivo (EPS),3,4,0,7,13,26
2021,Puente Aranda,1,Ninguno,3,1,0,0,1,3
2021,Puente Aranda,1,Régimen excepcional,3,0,0,0,0,1
2021,Puente Aranda,1,Subsidiado (EPSS),3,0,0,1,2,3
2021,Puente Aranda,2,Contributivo (EPS),3,6,1,17,13,49
2021,Puente Aranda,2,Ninguno,3,0,0,0,0,1
2021,Puente Aranda,2,Régimen excepcional,3,0,0,0,1,3
2021,Puente Aranda,2,Subsidiado (EPSS),3,1,0,5,5,14
2021,Rafael Uribe,1,Contributivo (EPS),1,2,0,1,0,2
2021,Rafael Uribe,1,Contributivo (EPS),2,2,0,2,2,6
2021,Rafael Uribe,1,Ninguno,3,0,0,0,0,1
2021,Rafael Uribe,1,Subsidiado (EPSS),1,0,0,0,0,1
2021,Rafael Uribe,1,Subsidiado (EPSS),2,1,0,1,0,3
2021,Rafael Uribe,1,Subsidiado (EPSS),3,0,0,1,0,2
2021,Rafael Uribe,2,Contributivo (EPS),1,2,0,3,0,3
2021,Rafael Uribe,2,Contributivo (EPS),2,5,1,10,2,19
2021,Rafael Uribe,2,Contributivo (EPS),3,8,3,12,4,24
2021,Rafael Uribe,2,Ninguno,2,1,1,1,0,1
2021,Rafael Uribe,2,Ninguno,3,1,0,2,0,2
2021,Rafael Uribe,2,Régimen excepcional,2,0,0,1,0,2
2021,Rafael Uribe,2,Subsidiado (EPSS),1,0,0,3,0,6
2021,Rafael Uribe,2,Subsidiado (EPSS),2,5,0,10,2,17
2021,Rafael Uribe,2,Subsidiado (EPSS),3,5,1,7,3,15
2021,San Cristóbal,1,Contributivo (EPS),2,4,1,3,5,12
2021,San Cristóbal,1,Contributivo (EPS),3,1,0,1,1,4
2021,San Cristóbal,1,Ninguno,3,0,0,1,1,1
2021,San Cristóbal,1,Régimen excepcional,2,0,0,0,0,1
2021,San Cristóbal,1,Subsidiado (EPSS),2,1,0,4,1,7
2021,San Cristóbal,2,Contributivo (EPS),2,11,4,21,19,44
2021,San Cristóbal,2,Contributivo (EPS),3,3,2,7,4,9
2021,San Cristóbal,2,Ninguno,2,1,0,1,0,1
2021,San Cristóbal,2,Subsidiado (EPSS),1,0,0,1,0,1
2021,San Cristóbal,2,Subsidiado (EPSS),2,5,4,16,10,32
2021,San Cristóbal,2,Subsidiado (EPSS),3,1,0,1,0,1
2021,Santa Fe,1,Contributivo (EPS),1,0,0,0,0,1
2021,Santa Fe,1,Contributivo (EPS),2,1,0,3,2,7
2021,Santa Fe,1,Contributivo (EPS),3,1,0,2,3,6
2021,Santa Fe,1,Ninguno,2,0,1,0,1,1
2021,Santa Fe,1,Subsidiado (EPSS),2,5,1,6,3,14
2021,Santa Fe,1,Subsidiado (EPSS),3,1,0,1,1,1
2021,Santa Fe,2,Contributivo (EPS),1,0,0,0,0,1
2021,Santa Fe,2,Contributivo (EPS),2,6,3,12,8,31
2021,Santa Fe,2,Contributivo (EPS),3,3,1,3,4,9
2021,Santa Fe,2,Ninguno,2,0,0,3,0,3
2021,Santa Fe,2,Ninguno,3,1,0,1,1,1
2021,Santa Fe,2,Régimen excepcional,2,0,0,1,0,4
2021,Santa Fe,2,Subsidiado (EPSS),1,2,0,1,0,2
2021,Santa Fe,2,Subsidiado (EPSS),2,9,1,16,3,33
2021,Santa Fe,2,Subsidiado (EPSS),3,0,0,1,0,1
2021,Suba,1,Contributivo (EPS),2,12,4,21,22,52
2021,Suba,1,Contributivo (EPS),3,12,6,11,14,37
2021,Suba,1,Contributivo (EPS),4,0,0,0,3,10
2021,Suba,1,Ninguno,2,0,0,1,2,2
2021,Suba,1,Ninguno,3,2,0,1,1,2
2021,Suba,1,Ninguno,4,0,0,0,0,1
2021,Suba,1,Régimen excepcional,2,1,0,0,2,2
2021,Suba,1,Régimen excepcional,3,2,2,2,0,5
2021,Suba,1,Régimen excepcional,4,0,0,0,0,1
2021,Suba,1,Subsidiado (EPSS),2,3,1,2,4,11
2021,Suba,1,Subsidiado (EPSS),3,3,3,1,1,8
2021,Suba,2,Contributivo (EPS),2,37,14,44,31,100
2021,Suba,2,Contributivo (EPS),3,27,11,23,25,71
2021,Suba,2,Contributivo (EPS),4,3,0,6,6,16
2021,Suba,2,Ninguno,2,1,1,3,1,4
2021,Suba,2,Ninguno,3,2,2,2,4,6
2021,Suba,2,Ninguno,4,0,0,0,2,4
2021,Suba,2,Régimen excepcional,2,1,1,2,1,2
2021,Suba,2,Régimen excepcional,3,1,1,1,1,4
2021,Suba,2,Subsidiado (EPSS),2,7,5,16,5,30
2021,Suba,2,Subsidiado (EPSS),3,6,3,5,2,19
2021,Teusaquillo,1,Contributivo (EPS),3,1,0,1,4,8
2021,Teusaquillo,1,Contributivo (EPS),4,3,5,2,15,26
2021,Teusaquillo,1,Ninguno,4,1,1,0,1,1
2021,Teusaquillo,1,Régimen excepcional,3,1,0,1,0,1
2021,Teusaquillo,1,Régimen excepcional,4,1,0,1,1,3
2021,Teusaquillo,1,Subsidiado (EPSS),4,0,0,0,0,1
2021,Teusaquillo,2,Contributivo (EPS),3,1,0,1,2,7
2021,Teusaquillo,2,Contributivo (EPS),4,6,4,15,22,51
2021,Teusaquillo,2,Ninguno,3,0,0,1,0,1
2021,Teusaquillo,2,Ninguno,4,0,0,0,0,1
2021,Teusaquillo,2,Subsidiado (EPSS),3,1,1,1,1,3
2021,Teusaquillo,2,Subsidiado (EPSS),4,0,0,0,0,3
2021,Tunjuelito,1,Contributivo (EPS),2,8,6,14,10,24
2021,Tunjuelito,1,Contributivo (EPS),3,3,1,2,2,7
2021,Tunjuelito,1,Régimen excepcional,2,0,0,0,1,1
2021,Tunjuelito,1,Subsidiado (EPSS),2,2,0,3,1,10
2021,Tunjuelito,1,Subsidiado (EPSS),3,0,0,1,0,1
2021,Tunjuelito,2,Contributivo (EPS),2,17,5,24,10,49
2021,Tunjuelito,2,Contributivo (EPS),3,3,2,7,6,14
2021,Tunjuelito,2,Ninguno,2,1,1,1,1,4
2021,Tunjuelito,2,Régimen excepcional,1,0,0,0,0,1
2021,Tunjuelito,2,Régimen excepcional,2,0,1,1,1,3
2021,Tunjuelito,2,Régimen excepcional,3,0,0,0,0,1
2021,Tunjuelito,2,Subsidiado (EPSS),2,14,6,27,4,39
2021,Tunjuelito,2,Subsidiado (EPSS),3,0,0,1,1,4
2021,Usaquén,1,Contributivo (EPS),2,0,1,2,3,8
2021,Usaquén,1,Contributivo (EPS),3,2,0,0,2,5
2021,Usaquén,1,Contributivo (EPS),4,2,1,1,3,5
2021,Usaquén,1,Ninguno,3,1,0,1,1,1
2021,Usaquén,1,Régimen excepcional,3,0,0,0,0,1
2021,Usaquén,1,Subsidiado (EPSS),1,0,0,1,0,1
2021,Usaquén,1,Subsidiado (EPSS),2,0,0,0,1,1
2021,Usaquén,1,Subsidiado (EPSS),3,0,0,0,1,2
2021,Usaquén,2,Contributivo (EPS),1,0,0,1,3,5
2021,Usaquén,2,Contributivo (EPS),2,6,1,2,6,30
2021,Usaquén,2,Contributivo (EPS),3,3,0,1,5,13
2021,Usaquén,2,Contributivo (EPS),4,7,2,5,10,12
2021,Usaquén,2,Ninguno,2,1,0,1,0,1
2021,Usaquén,2,Ninguno,3,0,0,0,1,2
2021,Usaquén,2,Ninguno,4,0,0,0,0,1
2021,Usaquén,2,Régimen excepcional,4,0,0,0,1,1
2021,Usaquén,2,Subsidiado (EPSS),1,1,1,1,1,2
2021,Usaquén,2,Subsidiado (EPSS),2,4,0,1,1,7
2021,Usaquén,2,Subsidiado (EPSS),3,2,1,1,2,3
2021,Usme,1,Contributivo (EPS),1,6,1,7,7,11
2021,Usme,1,Contributivo (EPS),2,1,0,4,4,11
2021,Usme,1,Ninguno,1,0,0,1,1,1
2021,Usme,1,Ninguno,2,0,0,0,1,1
2021,Usme,1,Subsidiado (EPSS),1,2,1,4,2,9
2021,Usme,1,Subsidiado (EPSS),2,4,1,5,1,5
2021,Usme,2,Contributivo (EPS),1,10,2,6,4,19
2021,Usme,2,Contributivo (EPS),2,12,3,12,8,25
2021,Usme,2,Ninguno,1,1,0,1,0,2
2021,Usme,2,Subsidiado (EPSS),1,11,2,16,8,27
2021,Usme,2,Subsidiado (EPSS),2,6,3,14,3,22
2022,Antonio Nariño,1,1. Contributivo (EPS),3,4,0,5,7,13
2022,Antonio Nariño,1,2.Subsidiado (EPSS),2,0,1,0,1,1
2022,Antonio Nariño,1,2.Subsidiado (EPSS),3,3,0,3,2,8
2022,Antonio Nariño,1,3. Ninguno,3,0,0,0,1,1
2022,Antonio Nariño,2,1. Contributivo (EPS),2,1,0,2,1,2
2022,Antonio Nariño,2,1. Contributivo (EPS),3,4,2,15,7,30
2022,Antonio Nariño,2,2.Subsidiado (EPSS),2,1,0,0,0,4
2022,Antonio Nariño,2,2.Subsidiado (EPSS),3,5,3,12,5,19
2022,Antonio Nariño,2,3. Ninguno,3,1,0,1,0,1
2022,Antonio Nariño,2,4. Régimen excepcional,3,0,0,2,1,3
2022,Barrios Unidos,1,1. Contributivo (EPS),3,2,0,3,7,13
2022,Barrios Unidos,1,1. Contributivo (EPS),4,1,0,1,2,5
2022,Barrios Unidos,1,2.Subsidiado (EPSS),3,0,0,2,4,9
2022,Barrios Unidos,1,3. Ninguno,3,0,1,0,2,3
2022,Barrios Unidos,1,4. Régimen excepcional,3,0,0,0,1,1
2022,Barrios Unidos,2,1. Contributivo (EPS),3,11,5,8,6,30
2022,Barrios Unidos,2,1. Contributivo (EPS),4,0,0,0,1,1
2022,Barrios Unidos,2,2.Subsidiado (EPSS),3,2,1,4,2,9
2022,Bosa,1,1. Contributivo (EPS),1,0,0,0,1,1
2022,Bosa,1,1. Contributivo (EPS),2,2,1,5,14,24
2022,Bosa,1,2.Subsidiado (EPSS),1,1,0,0,0,1
2022,Bosa,1,2.Subsidiado (EPSS),2,0,1,1,3,12
2022,Bosa,1,3. Ninguno,2,0,0,1,0,1
2022,Bosa,2,1. Contributivo (EPS),1,2,0,4,0,11
2022,Bosa,2,1. Contributivo (EPS),2,16,0,43,14,86
2022,Bosa,2,2.Subsidiado (EPSS),1,2,0,4,1,8
2022,Bosa,2,2.Subsidiado (EPSS),2,6,0,27,14,67
2022,Bosa,2,3. Ninguno,1,0,0,0,0,1
2022,Bosa,2,3. Ninguno,2,1,0,2,1,7
2022,Bosa,2,4. Régimen excepcional,1,0,0,0,0,1
2022,Bosa,2,4. Régimen excepcional,2,0,0,1,0,3
2022,Candelaria,1,1. Contributivo (EPS),2,0,0,3,2,6
2022,Candelaria,1,1. Contributivo (EPS),3,0,0,0,1,1
2022,Candelaria,1,2.Subsidiado (EPSS),2,2,1,4,3,8
2022,Candelaria,2,1. Contributivo (EPS),1,0,0,1,0,1
2022,Candelaria,2,1. Contributivo (EPS),2,4,1,6,1,12
2022,Candelaria,2,1. Contributivo (EPS),3,1,0,1,0,1
2022,Candelaria,2,2.Subsidiado (EPSS),1,0,0,0,0,1
2022,Candelaria,2,2.Subsidiado (EPSS),2,2,3,10,4,15
2022,Chapinero,1,1. Contributivo (EPS),1,1,0,1,1,5
2022,Chapinero,1,1. Contributivo (EPS),2,1,0,1,1,1
2022,Chapinero,1,1. Contributivo (EPS),3,1,0,1,1,1
2022,Chapinero,1,1. Contributivo (EPS),4,3,0,2,7,7
2022,Chapinero,1,2.Subsidiado (EPSS),1,0,0,0,1,2
2022,Chapinero,1,2.Subsidiado (EPSS),2,0,0,0,0,2
2022,Chapinero,2,1. Contributivo (EPS),1,1,0,2,4,9
2022,Chapinero,2,1. Contributivo (EPS),2,5,1,1,1,7
2022,Chapinero,2,1. Contributivo (EPS),4,0,1,0,1,1
2022,Chapinero,2,1. Contributivo (EPS),6,1,0,1,0,1
2022,Chapinero,2,2.Subsidiado (EPSS),1,2,0,2,1,5
2022,Chapinero,2,2.Subsidiado (EPSS),2,2,0,3,1,6
2022,Chapinero,2,3. Ninguno,1,0,0,0,0,1
2022,Chapinero,2,4. Régimen excepcional,1,0,0,0,0,1
2022,Ciudad Bolívar,1,1. Contributivo (EPS),1,0,0,1,1,15
2022,Ciudad Bolívar,1,1. Contributivo (EPS),2,0,0,0,1,3
2022,Ciudad Bolívar,1,1. Contributivo (EPS),3,0,0,0,1,3
2022,Ciudad Bolívar,1,2.Subsidiado (EPSS),1,1,0,3,0,19
2022,Ciudad Bolívar,1,2.Subsidiado (EPSS),2,0,0,0,0,1
2022,Ciudad Bolívar,1,3. Ninguno,2,1,0,0,0,1
2022,Ciudad Bolívar,2,1. Contributivo (EPS),1,9,3,10,18,66
2022,Ciudad Bolívar,2,1. Contributivo (EPS),2,2,2,4,6,22
2022,Ciudad Bolívar,2,2.Subsidiado (EPSS),1,7,2,12,9,71
2022,Ciudad Bolívar,2,2.Subsidiado (EPSS),2,5,2,4,2,10
2022,Ciudad Bolívar,2,2.Subsidiado (EPSS),3,0,0,0,1,1
2022,Ciudad Bolívar,2,3. Ninguno,2,0,0,0,0,1
2022,Ciudad Bolívar,2,4. Régimen excepcional,1,1,0,1,1,2
2022,Engativá,1,1. Contributivo (EPS),2,2,5,8,11,21
2022,Engativá,1,1. Contributivo (EPS),3,9,2,6,18,39
2022,Engativá,1,1. Contributivo (EPS),4,1,0,0,1,1
2022,Engativá,1,2.Subsidiado (EPSS),2,1,1,1,3,5
2022,Engativá,1,2.Subsidiado (EPSS),3,5,2,5,9,13
2022,Engativá,1,3. Ninguno,2,0,0,0,0,2
2022,Engativá,1,3. Ninguno,3,1,0,1,0,1
2022,Engativá,1,4. Régimen excepcional,1,0,0,1,0,1
2022,Engativá,1,4. Régimen excepcional,3,1,0,1,3,5
2022,Engativá,2,1. Contributivo (EPS),1,0,1,0,0,1
2022,Engativá,2,1. Contributivo (EPS),2,12,8,16,10,38
2022,Engativá,2,1. Contributivo (EPS),3,40,9,28,31,81
2022,Engativá,2,1. Contributivo (EPS),4,0,0,0,1,1
2022,Engativá,2,2.Subsidiado (EPSS),1,0,0,0,1,1
2022,Engativá,2,2.Subsidiado (EPSS),2,3,2,3,4,13
2022,Engativá,2,2.Subsidiado (EPSS),3,6,1,3,2,14
2022,Engativá,2,3. Ninguno,2,1,1,1,1,1
2022,Engativá,2,3. Ninguno,3,1,0,2,1,5
2022,Engativá,2,4. Régimen excepcional,2,1,1,0,2,3
2022,Engativá,2,4. Régimen excepcional,3,1,0,1,0,2
2022,Engativá,2,4. Régimen excepcional,4,0,0,0,0,1
2022,Fontibón,1,1. Contributivo (EPS),2,3,0,4,4,8
2022,Fontibón,1,1. Contributivo (EPS),3,1,0,2,4,9
2022,Fontibón,1,1. Contributivo (EPS),4,1,0,1,1,6
2022,Fontibón,1,2.Subsidiado (EPSS),2,1,0,4,2,4
2022,Fontibón,1,2.Subsidiado (EPSS),3,0,0,2,1,6
2022,Fontibón,1,2.Subsidiado (EPSS),4,0,0,0,0,1
2022,Fontibón,1,3. Ninguno,3,0,0,1,1,1
2022,Fontibón,1,4. Régimen excepcional,4,0,0,0,1,1
2022,Fontibón,2,1. Contributivo (EPS),2,4,0,13,6,21
2022,Fontibón,2,1. Contributivo (EPS),3,10,2,20,13,47
2022,Fontibón,2,1. Contributivo (EPS),4,0,0,0,1,3
2022,Fontibón,2,1. Contributivo (EPS),5,0,0,1,1,2
2022,Fontibón,2,2.Subsidiado (EPSS),2,3,1,4,1,8
2022,Fontibón,2,2.Subsidiado (EPSS),3,2,0,3,3,8
2022,Fontibón,2,3. Ninguno,2,0,0,0,0,1
2022,Fontibón,2,3. Ninguno,3,0,0,1,0,2
2022,Fontibón,2,4. Régimen excepcional,2,1,0,1,0,1
2022,Fontibón,2,4. Régimen excepcional,3,0,0,1,0,1
2022,Fontibón,2,4. Régimen excepcional,4,1,0,2,0,2
2022,Kennedy,1,1. Contributivo (EPS),2,3,0,9,9,21
2022,Kennedy,1,1. Contributivo (EPS),3,2,0,2,8,24
2022,Kennedy,1,2.Subsidiado (EPSS),2,1,0,4,3,17
2022,Kennedy,1,2.Subsidiado (EPSS),3,0,0,2,1,4
2022,Kennedy,1,3. Ninguno,2,0,0,1,1,3
2022,Kennedy,1,3. Ninguno,3,1,0,2,1,2
2022,Kennedy,1,4. Régimen excepcional,2,0,0,1,1,2
2022,Kennedy,1,4. Régimen excepcional,3,0,0,1,1,2
2022,Kennedy,2,1. Contributivo (EPS),1,1,0,0,0,1
2022,Kennedy,2,1. Contributivo (EPS),2,18,3,37,28,87
2022,Kennedy,2,1. Contributivo (EPS),3,11,3,25,14,60
2022,Kennedy,2,2.Subsidiado (EPSS),2,10,0,22,11,50
2022,Kennedy,2,2.Subsidiado (EPSS),3,2,0,3,4,16
2022,Kennedy,2,3. Ninguno,2,1,0,1,1,1
2022,Kennedy,2,4. Régimen excepcional,2,1,0,1,0,3
2022,Kennedy,2,4. Régimen excepcional,3,1,0,1,0,4
2022,Mártires,1,1. Contributivo (EPS),2,1,0,1,0,2
2022,Mártires,1,1. Contributivo (EPS),3,4,3,7,10,23
2022,Mártires,1,2.Subsidiado (EPSS),2,0,0,1,2,3
2022,Mártires,1,2.Subsidiado (EPSS),3,1,0,4,4,7
2022,Mártires,1,3. Ninguno,3,0,0,0,1,3
2022,Mártires,1,4. Régimen excepcional,2,0,0,1,0,1
2022,Mártires,1,4. Régimen excepcional,3,0,0,0,0,1
2022,Mártires,2,1. Contributivo (EPS),2,1,0,1,0,3
2022,Mártires,2,1. Contributivo (EPS),3,11,1,18,14,40
2022,Mártires,2,2.Subsidiado (EPSS),2,1,0,2,2,8
2022,Mártires,2,2.Subsidiado (EPSS),3,4,0,9,4,16
2022,Mártires,2,3. Ninguno,2,0,0,1,1,1
2022,Mártires,2,3. Ninguno,3,0,1,0,1,3
2022,Mártires,2,4. Régimen excepcional,3,0,0,1,1,2
2022,Puente Aranda,1,1. Contributivo (EPS),3,7,0,5,9,22
2022,Puente Aranda,1,2.Subsidiado (EPSS),3,0,0,0,0,1
2022,Puente Aranda,1,3. Ninguno,3,0,0,1,1,2
2022,Puente Aranda,2,1. Contributivo (EPS),3,10,0,18,16,47
2022,Puente Aranda,2,2.Subsidiado (EPSS),3,3,0,4,4,14
2022,Puente Aranda,2,3. Ninguno,3,0,0,0,0,1
2022,Puente Aranda,2,4. Régimen excepcional,3,0,0,4,2,5
2022,Rafael Uribe,1,1. Contributivo (EPS),2,0,1,2,5,11
2022,Rafael Uribe,1,1. Contributivo (EPS),3,2,2,3,5,8
2022,Rafael Uribe,1,2.Subsidiado (EPSS),1,1,0,1,0,1
2022,Rafael Uribe,1,2.Subsidiado (EPSS),2,2,0,3,4,6
2022,Rafael Uribe,1,2.Subsidiado (EPSS),3,0,1,1,0,2
2022,Rafael Uribe,1,3. Ninguno,1,1,0,1,0,2
2022,Rafael Uribe,2,1. Contributivo (EPS),1,2,1,2,0,2
2022,Rafael Uribe,2,1. Contributivo (EPS),2,3,4,11,9,28
2022,Rafael Uribe,2,1. Contributivo (EPS),3,11,3,11,7,24
2022,Rafael Uribe,2,2.Subsidiado (EPSS),1,1,0,2,2,4
2022,Rafael Uribe,2,2.Subsidiado (EPSS),2,3,0,10,4,20
2022,Rafael Uribe,2,2.Subsidiado (EPSS),3,3,1,9,6,18
2022,Rafael Uribe,2,3. Ninguno,2,0,0,1,0,1
2022,Rafael Uribe,2,3. Ninguno,3,2,0,3,1,4
2022,Rafael Uribe,2,4. Régimen excepcional,2,0,0,0,0,1
2022,Rafael Uribe,2,4. Régimen excepcional,3,0,0,1,0,3
2022,San Cristóbal,1,1. Contributivo (EPS),1,1,1,0,1,2
2022,San Cristóbal,1,1. Contributivo (EPS),2,0,2,7,5,12
2022,San Cristóbal,1,1. Contributivo (EPS),3,0,0,0,2,3
2022,San Cristóbal,1,2.Subsidiado (EPSS),2,3,0,5,4,13
2022,San Cristóbal,1,2.Subsidiado (EPSS),3,0,1,1,2,3
2022,San Cristóbal,1,3. Ninguno,2,1,0,1,0,2
2022,San Cristóbal,2,1. Contributivo (EPS),1,2,0,1,2,4
2022,San Cristóbal,2,1. Contributivo (EPS),2,7,2,20,8,36
2022,San Cristóbal,2,1. Contributivo (EPS),3,2,1,3,4,9
2022,San Cristóbal,2,2.Subsidiado (EPSS),1,0,1,0,0,2
2022,San Cristóbal,2,2.Subsidiado (EPSS),2,7,1,19,7,32
2022,San Cristóbal,2,2.Subsidiado (EPSS),3,1,0,2,2,6
2022,San Cristóbal,2,3. Ninguno,2,0,1,1,0,2
2022,San Cristóbal,2,3. Ninguno,3,1,0,1,0,1
2022,San Cristóbal,2,4. Régimen excepcional,3,1,0,1,1,1
2022,Santa Fe,1,1. Contributivo (EPS),1,0,0,0,0,2
2022,Santa Fe,1,1. Contributivo (EPS),2,3,1,4,2,8
2022,Santa Fe,1,1. Contributivo (EPS),3,2,0,3,2,4
2022,Santa Fe,1,2.Subsidiado (EPSS),1,0,0,1,0,1
2022,Santa Fe,1,2.Subsidiado (EPSS),2,1,0,3,0,5
2022,Santa Fe,1,2.Subsidiado (EPSS),3,1,0,3,0,3
2022,Santa Fe,1,3. Ninguno,2,0,0,0,0,1
2022,Santa Fe,2,1. Contributivo (EPS),2,5,0,9,5,21
2022,Santa Fe,2,1. Contributivo (EPS),3,1,0,7,5,11
2022,Santa Fe,2,2.Subsidiado (EPSS),1,0,0,1,0,1
2022,Santa Fe,2,2.Subsidiado (EPSS),2,4,2,13,4,30
2022,Santa Fe,2,2.Subsidiado (EPSS),3,1,1,4,1,5
2022,Santa Fe,2,3. Ninguno,2,0,0,1,0,4
2022,Suba,1,1. Contributivo (EPS),2,11,4,11,16,39
2022,Suba,1,1. Contributivo (EPS),3,12,4,14,20,43
2022,Suba,1,1. Contributivo (EPS),4,3,3,3,11,14
2022,Suba,1,1. Contributivo (EPS),5,0,0,1,4,5
2022,Suba,1,2.Subsidiado (EPSS),2,3,0,5,6,15
2022,Suba,1,2.Subsidiado (EPSS),3,1,0,0,2,6
2022,Suba,1,3. Ninguno,2,0,0,0,2,4
2022,Suba,1,3. Ninguno,3,0,0,1,1,2
2022,Suba,1,3. Ninguno,4,0,1,1,1,2
2022,Suba,1,4. Régimen excepcional,2,0,0,1,0,1
2022,Suba,1,4. Régimen excepcional,3,0,0,0,1,1
2022,Suba,1,4. Régimen excepcional,4,0,0,0,1,1
2022,Suba,2,1. Contributivo (EPS),2,32,15,36,24,90
2022,Suba,2,1. Contributivo (EPS),3,25,5,20,22,61
2022,Suba,2,1. Contributivo (EPS),4,1,0,2,6,6
2022,Suba,2,1. Contributivo (EPS),5,0,0,0,0,1
2022,Suba,2,2.Subsidiado (EPSS),2,10,4,12,7,29
2022,Suba,2,2.Subsidiado (EPSS),3,6,1,5,3,15
2022,Suba,2,2.Subsidiado (EPSS),4,0,0,0,0,1
2022,Suba,2,3. Ninguno,2,0,0,0,1,2
2022,Suba,2,3. Ninguno,3,1,0,0,0,2
2022,Suba,2,4. Régimen excepcional,2,0,1,1,0,3
2022,Suba,2,4. Régimen excepcional,3,0,0,0,1,3
2022,Teusaquillo,1,1. Contributivo (EPS),3,1,0,1,1,3
2022,Teusaquillo,1,1. Contributivo (EPS),4,6,0,1,14,21
2022,Teusaquillo,1,2.Subsidiado (EPSS),3,0,0,0,1,1
2022,Teusaquillo,1,2.Subsidiado (EPSS),4,0,0,1,1,2
2022,Teusaquillo,1,4. Régimen excepcional,4,3,0,2,1,3
2022,Teusaquillo,2,1. Contributivo (EPS),3,4,0,3,3,9
2022,Teusaquillo,2,1. Contributivo (EPS),4,4,3,5,10,20
2022,Teusaquillo,2,2.Subsidiado (EPSS),3,1,0,1,1,2
2022,Teusaquillo,2,2.Subsidiado (EPSS),4,1,0,0,1,2
2022,Teusaquillo,2,3. Ninguno,4,0,0,0,0,1
2022,Teusaquillo,2,4. Régimen excepcional,4,0,0,0,1,1
2022,Tunjuelito,1,1. Contributivo (EPS),2,1,0,0,3,10
2022,Tunjuelito,1,1. Contributivo (EPS),3,1,0,0,4,4
2022,Tunjuelito,1,2.Subsidiado (EPSS),2,0,0,0,3,10
2022,Tunjuelito,1,2.Subsidiado (EPSS),3,0,0,0,0,2
2022,Tunjuelito,1,3. Ninguno,2,0,1,0,1,1
2022,Tunjuelito,1,4. Régimen excepcional,2,0,0,0,1,2
2022,Tunjuelito,2,1. Contributivo (EPS),2,3,0,4,2,27
2022,Tunjuelito,2,1. Contributivo (EPS),3,2,1,1,4,7
2022,Tunjuelito,2,2.Subsidiado (EPSS),2,4,0,6,5,30
2022,Tunjuelito,2,2.Subsidiado (EPSS),3,0,0,0,0,2
2022,Tunjuelito,2,4. Régimen excepcional,2,2,1,1,1,9
2022,Usaquén,1,1. Contributivo (EPS),1,0,0,0,0,1
2022,Usaquén,1,1. Contributivo (EPS),2,0,1,1,3,7
2022,Usaquén,1,1. Contributivo (EPS),3,3,4,8,6,19
2022,Usaquén,1,1. Contributivo (EPS),4,0,0,1,1,1
2022,Usaquén,1,1. Contributivo (EPS),5,0,0,1,1,1
2022,Usaquén,1,1. Contributivo (EPS),6,0,0,0,1,1
2022,Usaquén,1,2.Subsidiado (EPSS),1,2,0,2,0,2
2022,Usaquén,1,2.Subsidiado (EPSS),2,1,1,2,1,4
2022,Usaquén,1,2.Subsidiado (EPSS),3,1,0,2,1,4
2022,Usaquén,1,2.Subsidiado (EPSS),4,0,0,1,1,1
2022,Usaquén,1,3. Ninguno,3,0,0,0,0,2
2022,Usaquén,1,4. Régimen excepcional,3,1,1,1,0,1
2022,Usaquén,2,1. Contributivo (EPS),1,0,1,1,1,3
2022,Usaquén,2,1. Contributivo (EPS),2,7,3,2,4,16
2022,Usaquén,2,1. Contributivo (EPS),3,11,4,10,14,25
2022,Usaquén,2,1. Contributivo (EPS),4,1,0,1,3,3
2022,Usaquén,2,1. Contributivo (EPS),5,3,3,4,3,9
2022,Usaquén,2,1. Contributivo (EPS),6,1,1,1,1,2
2022,Usaquén,2,2.Subsidiado (EPSS),1,2,0,1,0,3
2022,Usaquén,2,2.Subsidiado (EPSS),2,3,1,2,1,3
2022,Usaquén,2,2.Subsidiado (EPSS),3,0,0,0,4,6
2022,Usaquén,2,2.Subsidiado (EPSS),4,0,0,0,0,1
2022,Usaquén,2,3. Ninguno,2,0,0,0,0,1
2022,Usaquén,2,3. Ninguno,3,0,0,1,1,2
2022,Usaquén,2,4. Régimen excepcional,3,0,0,0,0,1
2022,Usaquén,2,4. Régimen excepcional,5,1,1,1,0,1
2022,Usme,1,1. Contributivo (EPS),1,1,1,3,4,6
2022,Usme,1,1. Contributivo (EPS),2,0,0,0,2,10
2022,Usme,1,2.Subsidiado (EPSS),1,1,0,3,0,5
2022,Usme,1,2.Subsidiado (EPSS),2,0,0,0,0,4
2022,Usme,1,3. Ninguno,2,0,0,0,1,1
2022,Usme,2,1. Contributivo (EPS),1,8,5,6,9,27
2022,Usme,2,1. Contributivo (EPS),2,1,2,10,8,31
2022,Usme,2,2.Subsidiado (EPSS),1,4,1,7,4,20
2022,Usme,2,2.Subsidiado (EPSS),2,5,1,4,4,24
2022,Usme,2,3. Ninguno,2,0,0,0,0,1
2022,Usme,2,4. Régimen excepcional,2,1,0,1,0,3
2023,Antonio Nariño,1,Contributivo (EPS),2,1,1,1,2,2
2023,Antonio Nariño,1,Contributivo (EPS),3,2,2,4,7,20
2023,Antonio Nariño,1,Ninguno,3,0,0,1,2,3
2023,Antonio Nariño,1,Régimen excepcional,3,0,0,0,1,1
2023,Antonio Nariño,1,Subsidiado (EPSS),3,1,0,2,1,6
2023,Antonio Nariño,2,Contributivo (EPS),2,2,0,0,1,3
2023,Antonio Nariño,2,Contributivo (EPS),3,12,4,19,9,49
2023,Antonio Nariño,2,Ninguno,2,1,0,0,1,1
2023,Antonio Nariño,2,Ninguno,3,0,0,0,1,2
2023,Antonio Nariño,2,Régimen excepcional,3,1,0,1,0,2
2023,Antonio Nariño,2,Subsidiado (EPSS),1,0,0,1,0,1
2023,Antonio Nariño,2,Subsidiado (EPSS),2,2,1,6,1,9
2023,Antonio Nariño,2,Subsidiado (EPSS),3,2,1,7,5,16
2023,Barrios Unidos,1,Contributivo (EPS),3,1,2,4,4,14
2023,Barrios Unidos,1,Contributivo (EPS),4,1,0,1,2,3
2023,Barrios Unidos,1,Ninguno,3,1,0,1,1,3
2023,Barrios Unidos,1,Régimen excepcional,3,2,0,1,1,3
2023,Barrios Unidos,1,Subsidiado (EPSS),3,0,1,2,2,6
2023,Barrios Unidos,1,Subsidiado (EPSS),4,0,0,0,0,1
2023,Barrios Unidos,1,Subsidiado (EPSS),5,1,1,0,1,1
2023,Barrios Unidos,2,Contributivo (EPS),2,1,0,0,0,1
2023,Barrios Unidos,2,Contributivo (EPS),3,6,2,5,7,22
2023,Barrios Unidos,2,Contributivo (EPS),4,2,1,2,2,6
2023,Barrios Unidos,2,Régimen excepcional,4,0,0,0,0,1
2023,Barrios Unidos,2,Subsidiado (EPSS),3,3,0,0,1,8
2023,Bosa,1,Contributivo (EPS),1,1,0,1,0,1
2023,Bosa,1,Contributivo (EPS),2,5,0,6,11,20
2023,Bosa,1,Régimen excepcional,2,0,0,0,0,1
2023,Bosa,1,Subsidiado (EPSS),2,3,0,1,2,8
2023,Bosa,2,Contributivo (EPS),1,6,0,4,4,10
2023,Bosa,2,Contributivo (EPS),2,20,2,29,26,74
2023,Bosa,2,Contributivo (EPS),3,0,0,1,2,2
2023,Bosa,2,Ninguno,1,0,0,1,1,1
2023,Bosa,2,Ninguno,2,0,0,1,1,4
2023,Bosa,2,Régimen excepcional,2,0,0,2,0,2
2023,Bosa,2,Subsidiado (EPSS),1,0,0,0,0,1
2023,Bosa,2,Subsidiado (EPSS),2,13,4,20,11,58
2023,Bosa,2,Subsidiado (EPSS),3,0,0,0,0,1
2023,Candelaria,1,Contributivo (EPS),2,0,0,4,4,7
2023,Candelaria,1,Contributivo (EPS),3,0,0,0,0,1
2023,Candelaria,1,Subsidiado (EPSS),2,1,2,2,0,5
2023,Candelaria,2,Contributivo (EPS),2,2,0,2,0,3
2023,Candelaria,2,Contributivo (EPS),3,3,0,3,1,5
2023,Candelaria,2,Ninguno,2,0,0,0,0,1
2023,Candelaria,2,Ninguno,3,0,0,2,1,2
2023,Candelaria,2,Subsidiado (EPSS),2,6,2,11,3,20
2023,Candelaria,2,Subsidiado (EPSS),3,1,1,1,0,2
2023,Chapinero,1,Contributivo (EPS),1,0,0,0,1,2
2023,Chapinero,1,Contributivo (EPS),2,0,0,1,0,2
2023,Chapinero,1,Contributivo (EPS),3,2,1,1,2,3
2023,Chapinero,1,Contributivo (EPS),4,0,0,0,2,3
2023,Chapinero,1,Contributivo (EPS),5,1,0,0,1,2
2023,Chapinero,1,Contributivo (EPS),6,0,0,0,1,2
2023,Chapinero,1,Ninguno,2,0,0,0,0,1
2023,Chapinero,1,Ninguno,4,1,0,0,0,1
2023,Chapinero,1,Ninguno,6,0,0,0,1,1
2023,Chapinero,1,Subsidiado (EPSS),1,1,0,2,1,3
2023,Chapinero,1,Subsidiado (EPSS),2,0,3,0,0,5
2023,Chapinero,2,Contributivo (EPS),1,0,0,0,0,3
2023,Chapinero,2,Contributivo (EPS),2,1,1,2,2,7
2023,Chapinero,2,Contributivo (EPS),3,2,0,1,2,4
2023,Chapinero,2,Contributivo (EPS),4,1,1,0,1,5
2023,Chapinero,2,Contributivo (EPS),5,1,0,0,2,4
2023,Chapinero,2,Contributivo (EPS),6,1,0,1,2,3
2023,Chapinero,2,Ninguno,2,0,0,0,0,2
2023,Chapinero,2,Régimen excepcional,2,0,0,0,0,1
2023,Chapinero,2,Subsidiado (EPSS),1,1,2,0,1,6
2023,Chapinero,2,Subsidiado (EPSS),2,2,0,0,0,4
2023,Chapinero,2,Subsidiado (EPSS),4,1,0,0,0,1
2023,Ciudad Bolívar,1,Contributivo (EPS),1,1,2,0,3,14
2023,Ciudad Bolívar,1,Contributivo (EPS),2,2,1,2,6,9
2023,Ciudad Bolívar,1,Ninguno,1,0,0,1,0,1
2023,Ciudad Bolívar,1,Subsidiado (EPSS),1,2,1,1,2,12
2023,Ciudad Bolívar,1,Subsidiado (EPSS),2,1,0,0,1,3
2023,Ciudad Bolívar,2,Contributivo (EPS),1,11,2,6,15,40
2023,Ciudad Bolívar,2,Contributivo (EPS),2,4,4,3,8,25
2023,Ciudad Bolívar,2,Contributivo (EPS),3,1,0,0,0,1
2023,Ciudad Bolívar,2,Ninguno,1,0,0,0,0,1
2023,Ciudad Bolívar,2,Régimen excepcional,1,0,0,0,0,1
2023,Ciudad Bolívar,2,Régimen excepcional,2,0,0,0,1,1
2023,Ciudad Bolívar,2,Subsidiado (EPSS),1,11,3,9,8,50
2023,Ciudad Bolívar,2,Subsidiado (EPSS),2,4,0,2,4,13
2023,Ciudad Bolívar,2,Subsidiado (EPSS),3,0,0,0,0,1
2023,Engativá,1,Contributivo (EPS),2,5,0,1,5,10
2023,Engativá,1,Contributivo (EPS),3,11,8,9,32,56
2023,Engativá,1,Contributivo (EPS),4,1,1,0,0,1
2023,Engativá,1,Ninguno,2,0,0,0,0,1
2023,Engativá,1,Ninguno,3,0,0,0,1,2
2023,Engativá,1,Régimen excepcional,2,1,0,0,0,2
2023,Engativá,1,Régimen excepcional,3,1,0,1,0,2
2023,Engativá,1,Subsidiado (EPSS),2,0,0,0,0,1
2023,Engativá,1,Subsidiado (EPSS),3,1,0,4,5,10
2023,Engativá,2,Contributivo (EPS),2,6,2,3,7,24
2023,Engativá,2,Contributivo (EPS),3,25,15,21,34,74
2023,Engativá,2,Contributivo (EPS),4,2,1,1,1,2
2023,Engativá,2,Ninguno,2,1,0,1,1,2
2023,Engativá,2,Ninguno,3,2,1,1,2,4
2023,Engativá,2,Régimen excepcional,3,1,0,0,0,1
2023,Engativá,2,Subsidiado (EPSS),2,4,0,3,4,7
2023,Engativá,2,Subsidiado (EPSS),3,1,3,2,5,14
2023,Fontibón,1,Contributivo (EPS),2,1,0,1,4,8
2023,Fontibón,1,Contributivo (EPS),3,2,0,4,4,13
2023,Fontibón,1,Contributivo (EPS),4,1,0,1,3,4
2023,Fontibón,1,Ninguno,3,0,0,1,1,1
2023,Fontibón,1,Subsidiado (EPSS),2,0,0,1,0,1
2023,Fontibón,1,Subsidiado (EPSS),3,2,1,3,3,5
2023,Fontibón,2,Contributivo (EPS),2,4,0,2,6,16
2023,Fontibón,2,Contributivo (EPS),3,7,0,12,11,36
2023,Fontibón,2,Contributivo (EPS),4,2,1,5,4,15
2023,Fontibón,2,Contributivo (EPS),5,0,0,0,1,2
2023,Fontibón,2,Ninguno,3,1,0,1,0,1
2023,Fontibón,2,Régimen excepcional,4,0,0,0,1,1
2023,Fontibón,2,Subsidiado (EPSS),2,4,1,5,1,13
2023,Fontibón,2,Subsidiado (EPSS),3,2,0,4,2,13
2023,Fontibón,2,Subsidiado (EPSS),4,0,0,0,0,1
2023,Kennedy,1,Contributivo (EPS),2,2,0,5,10,17
2023,Kennedy,1,Contributivo (EPS),3,8,0,9,9,17
2023,Kennedy,1,Ninguno,2,0,0,0,1,1
2023,Kennedy,1,Ninguno,3,0,0,1,1,2
2023,Kennedy,1,Régimen excepcional,2,1,0,1,1,2
2023,Kennedy,1,Régimen excepcional,3,0,0,1,1,1
2023,Kennedy,1,Subsidiado (EPSS),1,0,0,0,1,1
2023,Kennedy,1,Subsidiado (EPSS),2,3,0,0,5,7
2023,Kennedy,1,Subsidiado (EPSS),3,2,0,5,3,5
2023,Kennedy,2,Contributivo (EPS),1,0,0,0,1,1
2023,Kennedy,2,Contributivo (EPS),2,18,0,26,17,72
2023,Kennedy,2,Contributivo (EPS),3,14,2,21,14,47
2023,Kennedy,2,Ninguno,2,1,0,3,2,6
2023,Kennedy,2,Régimen excepcional,2,1,1,3,0,4
2023,Kennedy,2,Régimen excepcional,3,0,0,1,1,1
2023,Kennedy,2,Subsidiado (EPSS),1,1,0,0,1,2
2023,Kennedy,2,Subsidiado (EPSS),2,17,2,22,12,44
2023,Kennedy,2,Subsidiado (EPSS),3,4,0,6,7,18
2023,Mártires,1,Contributivo (EPS),2,1,1,1,1,2
2023,Mártires,1,Contributivo (EPS),3,5,1,5,6,15
2023,Mártires,1,Ninguno,3,0,0,1,0,1
2023,Mártires,1,Subsidiado (EPSS),3,0,0,0,4,8
2023,Mártires,2,Contributivo (EPS),2,1,1,1,1,5
2023,Mártires,2,Contributivo (EPS),3,7,2,19,12,36
2023,Mártires,2,Ninguno,2,1,1,1,0,1
2023,Mártires,2,Ninguno,3,0,0,0,0,2
2023,Mártires,2,Subsidiado (EPSS),2,2,1,2,2,4
2023,Mártires,2,Subsidiado (EPSS),3,5,5,12,8,29
2023,Puente Aranda,1,Contributivo (EPS),3,2,0,5,6,16
2023,Puente Aranda,1,Régimen excepcional,3,0,0,0,1,1
2023,Puente Aranda,1,Subsidiado (EPSS),3,0,0,4,3,7
2023,Puente Aranda,2,Contributivo (EPS),3,11,4,20,17,52
2023,Puente Aranda,2,Ninguno,3,0,0,1,0,4
2023,Puente Aranda,2,Régimen excepcional,3,1,0,4,2,7
2023,Puente Aranda,2,Subsidiado (EPSS),2,1,0,0,0,1
2023,Puente Aranda,2,Subsidiado (EPSS),3,4,0,6,5,23
2023,Rafael Uribe,1,Contributivo (EPS),1,0,0,0,0,1
2023,Rafael Uribe,1,Contributivo (EPS),2,0,1,0,3,5
2023,Rafael Uribe,1,Contributivo (EPS),3,1,0,0,2,6
2023,Rafael Uribe,1,Ninguno,2,0,0,0,0,1
2023,Rafael Uribe,1,Ninguno,3,0,0,0,0,1
2023,Rafael Uribe,1,Régimen excepcional,3,1,0,0,0,1
2023,Rafael Uribe,1,Subsidiado (EPSS),2,1,1,2,0,4
2023,Rafael Uribe,1,Subsidiado (EPSS),3,3,0,3,2,8
2023,Rafael Uribe,2,Contributivo (EPS),1,1,0,1,1,3
2023,Rafael Uribe,2,Contributivo (EPS),2,9,6,13,12,27
2023,Rafael Uribe,2,Contributivo (EPS),3,2,0,7,2,18
2023,Rafael Uribe,2,Ninguno,2,1,0,1,0,1
2023,Rafael Uribe,2,Ninguno,3,1,0,1,0,1
2023,Rafael Uribe,2,Régimen excepcional,2,0,0,0,1,1
2023,Rafael Uribe,2,Régimen excepcional,3,1,0,2,0,2
2023,Rafael Uribe,2,Subsidiado (EPSS),1,0,0,0,0,1
2023,Rafael Uribe,2,Subsidiado (EPSS),2,6,1,10,7,25
2023,Rafael Uribe,2,Subsidiado (EPSS),3,1,1,4,2,14
2023,San Cristóbal,1,Contributivo (EPS),1,0,0,0,0,2
2023,San Cristóbal,1,Contributivo (EPS),2,1,2,0,7,13
2023,San Cristóbal,1,Contributivo (EPS),3,1,2,1,1,5
2023,San Cristóbal,1,Ninguno,2,0,0,1,2,3
2023,San Cristóbal,1,Subsidiado (EPSS),1,1,0,0,0,2
2023,San Cristóbal,1,Subsidiado (EPSS),2,1,0,1,2,8
2023,San Cristóbal,1,Subsidiado (EPSS),3,1,0,1,0,1
2023,San Cristóbal,2,Contributivo (EPS),1,1,1,3,1,5
2023,San Cristóbal,2,Contributivo (EPS),2,5,5,15,13,44
2023,San Cristóbal,2,Contributivo (EPS),3,1,0,6,1,8
2023,San Cristóbal,2,Ninguno,2,1,0,1,1,1
2023,San Cristóbal,2,Régimen excepcional,1,0,0,0,0,1
2023,San Cristóbal,2,Subsidiado (EPSS),2,4,5,11,6,30
2023,San Cristóbal,2,Subsidiado (EPSS),3,0,1,1,2,5
2023,Santa Fe,1,Contributivo (EPS),1,1,0,0,1,1
2023,Santa Fe,1,Contributivo (EPS),2,1,0,2,3,5
2023,Santa Fe,1,Contributivo (EPS),3,3,0,2,3,8
2023,Santa Fe,1,Ninguno,2,1,0,1,1,1
2023,Santa Fe,1,Ninguno,3,0,0,1,1,2
2023,Santa Fe,1,Régimen excepcional,2,1,0,0,0,1
2023,Santa Fe,1,Régimen excepcional,3,0,0,0,1,1
2023,Santa Fe,1,Subsidiado (EPSS),2,0,2,1,3,9
2023,Santa Fe,1,Subsidiado (EPSS),3,0,0,0,1,2
2023,Santa Fe,2,Contributivo (EPS),1,0,1,2,0,2
2023,Santa Fe,2,Contributivo (EPS),2,8,1,12,8,28
2023,Santa Fe,2,Contributivo (EPS),3,2,1,2,2,10
2023,Santa Fe,2,Ninguno,1,0,0,1,0,1
2023,Santa Fe,2,Ninguno,2,1,0,0,1,2
2023,Santa Fe,2,Ninguno,3,0,0,0,1,1
2023,Santa Fe,2,Régimen excepcional,2,0,0,0,1,1
2023,Santa Fe,2,Régimen excepcional,3,1,0,1,1,2
2023,Santa Fe,2,Subsidiado (EPSS),1,1,0,0,0,2
2023,Santa Fe,2,Subsidiado (EPSS),2,5,0,8,7,32
2023,Santa Fe,2,Subsidiado (EPSS),3,0,0,0,2,5
2023,Suba,1,Contributivo (EPS),2,6,1,1,15,34
2023,Suba,1,Contributivo (EPS),3,5,1,5,11,22
2023,Suba,1,Contributivo (EPS),4,2,1,1,7,11
2023,Suba,1,Contributivo (EPS),5,0,0,0,4,7
2023,Suba,1,Ninguno,2,0,1,0,1,3
2023,Suba,1,Ninguno,3,0,0,1,2,2
2023,Suba,1,Régimen excepcional,4,0,0,0,0,1
2023,Suba,1,Subsidiado (EPSS),2,3,0,1,3,9
2023,Suba,1,Subsidiado (EPSS),3,2,1,3,2,7
2023,Suba,2,Contributivo (EPS),2,33,12,26,15,61
2023,Suba,2,Contributivo (EPS),3,20,6,16,21,47
2023,Suba,2,Contributivo (EPS),4,3,2,1,4,10
2023,Suba,2,Contributivo (EPS),5,6,1,3,6,16
2023,Suba,2,Ninguno,2,1,0,1,0,1
2023,Suba,2,Ninguno,3,2,0,2,2,6
2023,Suba,2,Régimen excepcional,2,2,0,0,1,2
2023,Suba,2,Régimen excepcional,5,1,0,0,0,1
2023,Suba,2,Subsidiado (EPSS),2,11,5,11,4,32
2023,Suba,2,Subsidiado (EPSS),3,4,1,2,2,7
2023,Suba,2,Subsidiado (EPSS),4,0,0,0,1,1
2023,Sumapaz,1,Contributivo (EPS),1,0,1,0,0,1
2023,Sumapaz,2,Contributivo (EPS),1,0,2,0,0,3
2023,Sumapaz,2,Subsidiado (EPSS),1,1,0,2,0,6
2023,Teusaquillo,1,Contributivo (EPS),3,4,1,0,3,8
2023,Teusaquillo,1,Contributivo (EPS),4,6,0,4,9,17
2023,Teusaquillo,1,Contributivo (EPS),5,0,2,0,1,2
2023,Teusaquillo,1,Ninguno,3,0,0,0,0,1
2023,Teusaquillo,1,Ninguno,4,0,0,0,1,1
2023,Teusaquillo,1,Régimen excepcional,4,0,0,0,0,1
2023,Teusaquillo,1,Subsidiado (EPSS),3,1,0,0,0,1
2023,Teusaquillo,1,Subsidiado (EPSS),4,1,0,1,1,1
2023,Teusaquillo,2,Contributivo (EPS),3,2,0,2,2,5
2023,Teusaquillo,2,Contributivo (EPS),4,3,2,6,12,22
2023,Teusaquillo,2,Régimen excepcional,3,0,0,1,0,1
2023,Teusaquillo,2,Régimen excepcional,4,0,1,1,0,2
2023,Teusaquillo,2,Subsidiado (EPSS),3,0,0,1,1,1
2023,Teusaquillo,2,Subsidiado (EPSS),4,1,0,1,1,1
2023,Tunjuelito,1,Contributivo (EPS),2,2,1,4,3,12
2023,Tunjuelito,1,Contributivo (EPS),3,0,0,0,0,1
2023,Tunjuelito,1,Ninguno,2,0,0,0,1,1
2023,Tunjuelito,1,Ninguno,3,0,0,0,0,1
2023,Tunjuelito,1,Régimen excepcional,2,0,0,0,0,1
2023,Tunjuelito,1,Régimen excepcional,3,0,0,0,0,1
2023,Tunjuelito,1,Subsidiado (EPSS),2,2,2,2,4,10
2023,Tunjuelito,1,Subsidiado (EPSS),3,0,0,0,0,2
2023,Tunjuelito,2,Contributivo (EPS),2,9,5,10,8,35
2023,Tunjuelito,2,Contributivo (EPS),3,2,3,4,3,10
2023,Tunjuelito,2,Ninguno,2,0,0,0,1,2
2023,Tunjuelito,2,Ninguno,3,0,0,1,0,1
2023,Tunjuelito,2,Régimen excepcional,2,1,0,1,0,1
2023,Tunjuelito,2,Régimen excepcional,3,0,0,0,0,1
2023,Tunjuelito,2,Subsidiado (EPSS),2,9,3,9,14,47
2023,Tunjuelito,2,Subsidiado (EPSS),3,1,0,1,0,1
2023,Usaquén,1,Contributivo (EPS),1,0,1,0,1,2
2023,Usaquén,1,Contributivo (EPS),2,0,1,1,4,5
2023,Usaquén,1,Contributivo (EPS),3,4,0,2,4,8
2023,Usaquén,1,Contributivo (EPS),4,4,2,2,5,7
2023,Usaquén,1,Contributivo (EPS),5,2,1,1,4,5
2023,Usaquén,1,Contributivo (EPS),6,1,0,0,1,3
2023,Usaquén,1,Ninguno,2,1,1,1,0,1
2023,Usaquén,1,Ninguno,3,1,0,0,1,1
2023,Usaquén,1,Ninguno,4,1,0,0,1,1
2023,Usaquén,1,Régimen excepcional,3,0,0,0,0,1
2023,Usaquén,1,Subsidiado (EPSS),1,1,0,2,1,2
2023,Usaquén,1,Subsidiado (EPSS),2,2,2,0,0,4
2023,Usaquén,2,Contributivo (EPS),1,0,0,1,1,3
2023,Usaquén,2,Contributivo (EPS),2,4,1,3,1,9
2023,Usaquén,2,Contributivo (EPS),3,18,4,12,10,32
2023,Usaquén,2,Contributivo (EPS),4,10,4,7,9,15
2023,Usaquén,2,Contributivo (EPS),5,4,3,2,4,7
2023,Usaquén,2,Contributivo (EPS),6,2,1,4,3,9
2023,Usaquén,2,Ninguno,3,0,0,0,0,1
2023,Usaquén,2,Ninguno,5,0,0,0,0,1
2023,Usaquén,2,Régimen excepcional,3,1,1,0,1,1
2023,Usaquén,2,Subsidiado (EPSS),1,1,0,0,1,2
2023,Usaquén,2,Subsidiado (EPSS),2,2,2,1,2,6
2023,Usaquén,2,Subsidiado (EPSS),3,5,1,7,2,8
2023,Usme,1,Contributivo (EPS),1,0,0,0,1,3
2023,Usme,1,Contributivo (EPS),2,0,0,0,3,7
2023,Usme,1,Ninguno,1,0,0,0,0,1
2023,Usme,1,Ninguno,2,0,0,0,0,1
2023,Usme,1,Subsidiado (EPSS),1,1,0,2,1,5
2023,Usme,1,Subsidiado (EPSS),2,1,0,0,1,4
2023,Usme,2,Contributivo (EPS),1,10,0,3,7,24
2023,Usme,2,Contributivo (EPS),2,10,3,14,6,43
2023,Usme,2,Ninguno,1,0,0,0,0,1
2023,Usme,2,Régimen excepcional,2,0,1,0,0,3
2023,Usme,2,Subsidiado (EPSS),1,10,4,6,4,24
2023,Usme,2,Subsidiado (EPSS),2,6,1,6,5,28
2024,Antonio Nariño,1,Contributivo (EPS),2,0,0,0,0,1
2024,Antonio Nariño,1,Contributivo (EPS),3,4,1,9,9,19
2024,Antonio Nariño,1,Ninguno,3,2,1,3,3,5
2024,Antonio Nariño,1,Régimen excepcional,3,0,0,0,0,1
2024,Antonio Nariño,1,Subsidiado (EPSS),2,0,0,1,0,1
2024,Antonio Nariño,1,Subsidiado (EPSS),3,2,1,2,4,10
2024,Antonio Nariño,2,Contributivo (EPS),2,0,0,1,1,2
2024,Antonio Nariño,2,Contributivo (EPS),3,8,6,24,22,54
2024,Antonio Nariño,2,Ninguno,2,1,1,1,0,1
2024,Antonio Nariño,2,Ninguno,3,0,0,0,0,1
2024,Antonio Nariño,2,Régimen excepcional,3,0,0,1,0,1
2024,Antonio Nariño,2,Subsidiado (EPSS),2,2,0,3,0,4
2024,Antonio Nariño,2,Subsidiado (EPSS),3,7,8,13,6,26
2024,Barrios Unidos,1,Contributivo (EPS),3,4,0,6,2,18
2024,Barrios Unidos,1,Contributivo (EPS),5,0,0,0,1,1
2024,Barrios Unidos,1,Ninguno,3,1,0,0,2,3
2024,Barrios Unidos,1,Subsidiado (EPSS),3,0,0,0,0,2
2024,Barrios Unidos,2,Contributivo (EPS),2,0,0,0,0,1
2024,Barrios Unidos,2,Contributivo (EPS),3,4,2,4,7,16
2024,Barrios Unidos,2,Subsidiado (EPSS),3,2,0,0,1,7
2024,Bosa,1,Contributivo (EPS),1,1,0,1,1,1
2024,Bosa,1,Contributivo (EPS),2,3,1,2,3,12
2024,Bosa,1,Subsidiado (EPSS),1,1,0,0,0,1
2024,Bosa,1,Subsidiado (EPSS),2,1,1,5,2,6
2024,Bosa,2,Contributivo (EPS),1,4,0,5,3,13
2024,Bosa,2,Contributivo (EPS),2,9,3,25,8,46
2024,Bosa,2,Contributivo (EPS),3,0,0,0,1,4
2024,Bosa,2,Ninguno,2,0,0,1,0,1
2024,Bosa,2,Régimen excepcional,1,0,0,0,1,1
2024,Bosa,2,Subsidiado (EPSS),1,3,0,6,1,14
2024,Bosa,2,Subsidiado (EPSS),2,10,5,21,8,38
2024,Bosa,2,Subsidiado (EPSS),3,0,0,1,1,2
2024,Candelaria,1,Contributivo (EPS),2,2,0,1,1,6
2024,Candelaria,1,Contributivo (EPS),3,0,0,0,1,1
2024,Candelaria,1,Ninguno,2,0,0,1,1,2
2024,Candelaria,1,Subsidiado (EPSS),2,1,0,3,1,7
2024,Candelaria,1,Subsidiado (EPSS),3,0,0,0,0,1
2024,Candelaria,2,Contributivo (EPS),2,2,1,3,3,7
2024,Candelaria,2,Contributivo (EPS),3,1,0,0,1,1
2024,Candelaria,2,Subsidiado (EPSS),2,1,0,3,2,15
2024,Candelaria,2,Subsidiado (EPSS),3,0,0,1,0,2
2024,Chapinero,1,Contributivo (EPS),1,2,1,0,1,4
2024,Chapinero,1,Contributivo (EPS),2,5,1,3,5,12
2024,Chapinero,1,Contributivo (EPS),3,0,0,0,0,1
2024,Chapinero,1,Contributivo (EPS),4,0,1,2,3,7
2024,Chapinero,1,Contributivo (EPS),6,0,0,0,3,4
2024,Chapinero,1,Ninguno,2,0,0,0,1,1
2024,Chapinero,1,Régimen excepcional,2,0,0,1,1,1
2024,Chapinero,1,Régimen excepcional,4,0,0,0,1,1
2024,Chapinero,1,Subsidiado (EPSS),1,1,0,0,1,1
2024,Chapinero,1,Subsidiado (EPSS),2,0,0,1,0,2
2024,Chapinero,1,Subsidiado (EPSS),3,2,0,0,1,2
2024,Chapinero,1,Subsidiado (EPSS),4,0,1,0,0,1
2024,Chapinero,2,Contributivo (EPS),1,3,0,2,1,8
2024,Chapinero,2,Contributivo (EPS),2,3,0,2,2,11
2024,Chapinero,2,Contributivo (EPS),3,1,0,0,1,1
2024,Chapinero,2,Contributivo (EPS),4,4,0,1,2,13
2024,Chapinero,2,Contributivo (EPS),5,0,0,0,1,2
2024,Chapinero,2,Contributivo (EPS),6,2,1,2,4,5
2024,Chapinero,2,Subsidiado (EPSS),1,0,0,1,2,2
2024,Chapinero,2,Subsidiado (EPSS),2,6,1,3,2,11
2024,Chapinero,2,Subsidiado (EPSS),3,0,0,0,0,1
2024,Chapinero,2,Subsidiado (EPSS),4,0,1,0,0,1
2024,Chapinero,2,Subsidiado (EPSS),5,1,0,0,0,1
2024,Ciudad Bolívar,1,Contributivo (EPS),1,0,0,1,5,11
2024,Ciudad Bolívar,1,Contributivo (EPS),2,0,0,1,2,4
2024,Ciudad Bolívar,1,Contributivo (EPS),3,0,0,0,0,1
2024,Ciudad Bolívar,1,Régimen excepcional,2,0,0,0,0,1
2024,Ciudad Bolívar,1,Subsidiado (EPSS),1,4,0,5,4,16
2024,Ciudad Bolívar,1,Subsidiado (EPSS),2,2,0,2,3,8
2024,Ciudad Bolívar,2,Contributivo (EPS),1,11,0,18,11,46
2024,Ciudad Bolívar,2,Contributivo (EPS),2,1,0,6,10,22
2024,Ciudad Bolívar,2,Contributivo (EPS),3,0,1,0,1,2
2024,Ciudad Bolívar,2,Ninguno,1,0,0,2,1,4
2024,Ciudad Bolívar,2,Régimen excepcional,2,1,0,0,0,1
2024,Ciudad Bolívar,2,Subsidiado (EPSS),1,7,3,22,9,55
2024,Ciudad Bolívar,2,Subsidiado (EPSS),2,1,0,3,3,14
2024,Ciudad Bolívar,2,Subsidiado (EPSS),3,0,0,0,0,2
2024,Engativá,1,Contributivo (EPS),2,2,1,2,4,12
2024,Engativá,1,Contributivo (EPS),3,16,5,16,25,58
2024,Engativá,1,Contributivo (EPS),4,0,0,0,1,1
2024,Engativá,1,Ninguno,3,0,0,0,0,1
2024,Engativá,1,Régimen excepcional,2,2,0,0,0,2
2024,Engativá,1,Régimen excepcional,3,0,1,0,2,5
2024,Engativá,1,Subsidiado (EPSS),1,0,0,1,1,4
2024,Engativá,1,Subsidiado (EPSS),2,1,0,0,2,4
2024,Engativá,1,Subsidiado (EPSS),3,8,0,7,2,20
2024,Engativá,2,Contributivo (EPS),1,3,0,0,1,3
2024,Engativá,2,Contributivo (EPS),2,13,2,10,9,32
2024,Engativá,2,Contributivo (EPS),3,28,4,25,24,89
2024,Engativá,2,Ninguno,3,2,2,2,1,3
2024,Engativá,2,Régimen excepcional,2,0,0,0,0,1
2024,Engativá,2,Régimen excepcional,3,1,1,0,2,4
2024,Engativá,2,Subsidiado (EPSS),1,6,0,2,1,8
2024,Engativá,2,Subsidiado (EPSS),2,8,1,5,4,12
2024,Engativá,2,Subsidiado (EPSS),3,8,0,3,4,19
2024,Fontibón,1,Contributivo (EPS),2,1,0,2,2,4
2024,Fontibón,1,Contributivo (EPS),3,1,0,0,1,3
2024,Fontibón,1,Contributivo (EPS),4,0,1,3,2,5
2024,Fontibón,1,Régimen excepcional,4,0,0,1,0,1
2024,Fontibón,1,Subsidiado (EPSS),2,2,0,2,0,3
2024,Fontibón,1,Subsidiado (EPSS),3,1,0,1,1,2
2024,Fontibón,2,Contributivo (EPS),1,1,0,1,0,1
2024,Fontibón,2,Contributivo (EPS),2,6,0,10,4,19
2024,Fontibón,2,Contributivo (EPS),3,8,3,7,4,11
2024,Fontibón,2,Contributivo (EPS),4,2,1,6,6,22
2024,Fontibón,2,Contributivo (EPS),5,0,0,0,0,1
2024,Fontibón,2,Ninguno,2,0,0,1,0,1
2024,Fontibón,2,Régimen excepcional,2,0,0,0,0,1
2024,Fontibón,2,Régimen excepcional,3,2,1,2,0,3
2024,Fontibón,2,Régimen excepcional,4,1,0,1,1,3
2024,Fontibón,2,Subsidiado (EPSS),2,2,0,2,0,3
2024,Fontibón,2,Subsidiado (EPSS),3,0,0,0,0,3
2024,Fontibón,2,Subsidiado (EPSS),4,1,0,1,1,1
2024,Kennedy,1,Contributivo (EPS),2,2,0,2,5,14
2024,Kennedy,1,Contributivo (EPS),3,5,0,2,6,11
2024,Kennedy,1,Régimen excepcional,2,1,0,0,1,2
2024,Kennedy,1,Régimen excepcional,3,0,0,1,1,2
2024,Kennedy,1,Subsidiado (EPSS),2,0,0,2,1,5
2024,Kennedy,1,Subsidiado (EPSS),3,1,1,1,2,4
2024,Kennedy,2,Contributivo (EPS),2,13,5,26,29,58
2024,Kennedy,2,Contributivo (EPS),3,12,0,30,15,56
2024,Kennedy,2,Ninguno,2,0,0,0,1,1
2024,Kennedy,2,Ninguno,3,2,0,2,0,2
2024,Kennedy,2,Régimen excepcional,2,1,0,1,0,2
2024,Kennedy,2,Régimen excepcional,3,0,0,1,1,4
2024,Kennedy,2,Subsidiado (EPSS),2,13,0,19,10,33
2024,Kennedy,2,Subsidiado (EPSS),3,2,0,6,2,11
2024,Mártires,1,Contributivo (EPS),3,2,0,0,6,12
2024,Mártires,1,Ninguno,3,0,0,1,1,3
2024,Mártires,1,Régimen excepcional,3,0,0,1,0,1
2024,Mártires,1,Subsidiado (EPSS),2,0,0,0,1,1
2024,Mártires,1,Subsidiado (EPSS),3,1,1,2,4,8
2024,Mártires,2,Contributivo (EPS),2,0,0,0,1,2
2024,Mártires,2,Contributivo (EPS),3,4,0,11,9,49
2024,Mártires,2,Ninguno,3,1,0,0,2,3
2024,Mártires,2,Régimen excepcional,3,0,0,1,0,1
2024,Mártires,2,Subsidiado (EPSS),2,1,0,2,0,4
2024,Mártires,2,Subsidiado (EPSS),3,1,1,4,8,27
2024,Puente Aranda,1,Contributivo (EPS),2,0,0,1,0,1
2024,Puente Aranda,1,Contributivo (EPS),3,6,2,7,9,21
2024,Puente Aranda,1,Ninguno,3,0,0,0,1,1
2024,Puente Aranda,1,Subsidiado (EPSS),3,1,0,1,2,4
2024,Puente Aranda,2,Contributivo (EPS),3,5,2,13,15,37
2024,Puente Aranda,2,Régimen excepcional,3,1,0,1,0,2
2024,Puente Aranda,2,Subsidiado (EPSS),2,1,0,1,0,1
2024,Puente Aranda,2,Subsidiado (EPSS),3,4,0,6,6,10
2024,Rafael Uribe,1,Contributivo (EPS),2,0,0,0,5,9
2024,Rafael Uribe,1,Contributivo (EPS),3,1,2,0,1,12
2024,Rafael Uribe,1,Régimen excepcional,2,0,0,0,0,1
2024,Rafael Uribe,1,Subsidiado (EPSS),2,0,0,0,0,3
2024,Rafael Uribe,1,Subsidiado (EPSS),3,1,0,1,3,3
2024,Rafael Uribe,2,Contributivo (EPS),1,1,0,0,1,3
2024,Rafael Uribe,2,Contributivo (EPS),2,6,1,5,10,26
2024,Rafael Uribe,2,Contributivo (EPS),3,3,1,5,4,18
2024,Rafael Uribe,2,Ninguno,3,0,0,1,2,2
2024,Rafael Uribe,2,Régimen excepcional,2,1,0,1,0,1
2024,Rafael Uribe,2,Régimen excepcional,3,1,0,1,0,1
2024,Rafael Uribe,2,Subsidiado (EPSS),1,0,0,0,0,5
2024,Rafael Uribe,2,Subsidiado (EPSS),2,4,0,3,1,16
2024,Rafael Uribe,2,Subsidiado (EPSS),3,1,1,6,5,11
2024,San Cristóbal,1,Contributivo (EPS),2,5,2,7,7,10
2024,San Cristóbal,1,Contributivo (EPS),3,0,0,1,1,1
2024,San Cristóbal,1,Ninguno,2,2,1,2,0,2
2024,San Cristóbal,1,Subsidiado (EPSS),1,0,0,1,0,1
2024,San Cristóbal,1,Subsidiado (EPSS),2,2,0,2,2,9
2024,San Cristóbal,1,Subsidiado (EPSS),3,0,0,0,1,2
2024,San Cristóbal,2,Contributivo (EPS),1,1,0,2,1,5
2024,San Cristóbal,2,Contributivo (EPS),2,10,7,21,12,41
2024,San Cristóbal,2,Contributivo (EPS),3,3,0,4,4,10
2024,San Cristóbal,2,Régimen excepcional,2,1,0,0,0,1
2024,San Cristóbal,2,Subsidiado (EPSS),1,0,0,0,0,1
2024,San Cristóbal,2,Subsidiado (EPSS),2,10,1,15,3,21
2024,San Cristóbal,2,Subsidiado (EPSS),3,2,1,0,2,6
2024,Santa Fe,1,Contributivo (EPS),2,1,0,0,5,11
2024,Santa Fe,1,Contributivo (EPS),3,0,0,1,2,3
2024,Santa Fe,1,Ninguno,2,0,0,0,1,3
2024,Santa Fe,1,Ninguno,3,0,0,0,0,2
2024,Santa Fe,1,Subsidiado (EPSS),2,0,0,0,2,6
2024,Santa Fe,1,Subsidiado (EPSS),3,0,0,1,1,7
2024,Santa Fe,2,Contributivo (EPS),1,0,0,1,2,5
2024,Santa Fe,2,Contributivo (EPS),2,2,0,4,10,19
2024,Santa Fe,2,Contributivo (EPS),3,0,0,1,1,5
2024,Santa Fe,2,Ninguno,2,1,0,0,3,4
2024,Santa Fe,2,Ninguno,3,0,0,0,0,3
2024,Santa Fe,2,Régimen excepcional,2,0,0,0,0,1
2024,Santa Fe,2,Subsidiado (EPSS),1,0,0,1,0,5
2024,Santa Fe,2,Subsidiado (EPSS),2,3,2,9,9,29
2024,Santa Fe,2,Subsidiado (EPSS),3,2,0,3,1,6
2024,Suba,1,Contributivo (EPS),1,1,0,0,0,1
2024,Suba,1,Contributivo (EPS),2,4,0,9,19,54
2024,Suba,1,Contributivo (EPS),3,6,0,7,5,24
2024,Suba,1,Contributivo (EPS),4,2,0,1,2,11
2024,Suba,1,Contributivo (EPS),5,1,1,3,5,9
2024,Suba,1,Contributivo (EPS),6,1,0,1,0,1
2024,Suba,1,Ninguno,2,0,0,0,1,2
2024,Suba,1,Ninguno,3,0,0,1,0,1
2024,Suba,1,Régimen excepcional,3,0,0,0,2,3
2024,Suba,1,Régimen excepcional,6,0,0,0,1,1
2024,Suba,1,Subsidiado (EPSS),2,3,1,1,1,12
2024,Suba,1,Subsidiado (EPSS),3,3,2,1,2,7
2024,Suba,2,Contributivo (EPS),2,26,7,21,31,101
2024,Suba,2,Contributivo (EPS),3,10,2,11,12,38
2024,Suba,2,Contributivo (EPS),4,6,1,9,8,20
2024,Suba,2,Contributivo (EPS),5,1,2,3,4,8
2024,Suba,2,Ninguno,2,1,0,1,0,1
2024,Suba,2,Ninguno,3,2,1,1,0,3
2024,Suba,2,Régimen excepcional,2,1,0,1,1,4
2024,Suba,2,Régimen excepcional,3,2,1,2,0,4
2024,Suba,2,Régimen excepcional,5,1,0,0,0,1
2024,Suba,2,Subsidiado (EPSS),2,10,2,15,9,58
2024,Suba,2,Subsidiado (EPSS),3,4,0,6,6,13
2024,Sumapaz,1,Contributivo (EPS),1,0,0,0,0,1
2024,Sumapaz,1,Subsidiado (EPSS),1,0,0,0,1,1
2024,Sumapaz,2,Contributivo (EPS),1,0,0,1,1,7
2024,Sumapaz,2,Subsidiado (EPSS),1,0,0,0,0,3
2024,Teusaquillo,1,Contributivo (EPS),3,3,0,0,3,7
2024,Teusaquillo,1,Contributivo (EPS),4,9,1,9,16,29
2024,Teusaquillo,1,Contributivo (EPS),5,0,0,1,3,3
2024,Teusaquillo,1,Ninguno,3,0,0,0,0,1
2024,Teusaquillo,1,Régimen excepcional,3,0,0,0,1,1
2024,Teusaquillo,1,Régimen excepcional,4,0,0,0,1,2
2024,Teusaquillo,1,Subsidiado (EPSS),3,0,0,0,2,2
2024,Teusaquillo,2,Contributivo (EPS),3,2,1,1,4,4
2024,Teusaquillo,2,Contributivo (EPS),4,10,1,11,15,22
2024,Teusaquillo,2,Contributivo (EPS),5,0,0,0,0,1
2024,Teusaquillo,2,Régimen excepcional,3,0,0,0,0,1
2024,Teusaquillo,2,Régimen excepcional,4,0,1,1,0,2
2024,Teusaquillo,2,Subsidiado (EPSS),3,0,0,0,0,2
2024,Teusaquillo,2,Subsidiado (EPSS),4,2,1,0,2,3
2024,Tunjuelito,1,Contributivo (EPS),2,2,1,1,6,14
2024,Tunjuelito,1,Contributivo (EPS),3,1,2,1,3,5
2024,Tunjuelito,1,Ninguno,2,0,0,0,0,1
2024,Tunjuelito,1,Ninguno,3,0,0,0,0,1
2024,Tunjuelito,1,Régimen excepcional,2,0,0,0,0,1
2024,Tunjuelito,1,Régimen excepcional,3,1,0,0,0,1
2024,Tunjuelito,1,Subsidiado (EPSS),1,0,0,0,0,1
2024,Tunjuelito,1,Subsidiado (EPSS),2,0,0,2,0,8
2024,Tunjuelito,1,Subsidiado (EPSS),3,0,1,1,1,4
2024,Tunjuelito,2,Contributivo (EPS),2,4,1,5,5,31
2024,Tunjuelito,2,Contributivo (EPS),3,0,0,3,6,14
2024,Tunjuelito,2,Ninguno,2,0,0,1,4,4
2024,Tunjuelito,2,Ninguno,3,0,0,0,0,1
2024,Tunjuelito,2,Subsidiado (EPSS),2,7,1,11,11,39
2024,Tunjuelito,2,Subsidiado (EPSS),3,0,1,0,1,6
2024,Usaquén,1,Contributivo (EPS),1,0,0,1,2,4
2024,Usaquén,1,Contributivo (EPS),2,7,2,6,4,13
2024,Usaquén,1,Contributivo (EPS),3,4,1,1,3,8
2024,Usaquén,1,Contributivo (EPS),4,1,0,1,5,10
2024,Usaquén,1,Contributivo (EPS),5,1,0,0,2,4
2024,Usaquén,1,Contributivo (EPS),6,5,0,1,3,6
2024,Usaquén,1,Ninguno,1,0,0,0,1,1
2024,Usaquén,1,Ninguno,2,0,0,0,0,1
2024,Usaquén,1,Régimen excepcional,4,0,0,0,0,1
2024,Usaquén,1,Subsidiado (EPSS),1,2,0,0,1,9
2024,Usaquén,1,Subsidiado (EPSS),2,3,0,3,1,8
2024,Usaquén,1,Subsidiado (EPSS),3,1,0,1,0,1
2024,Usaquén,2,Contributivo (EPS),1,2,1,5,3,15
2024,Usaquén,2,Contributivo (EPS),2,7,0,4,7,21
2024,Usaquén,2,Contributivo (EPS),3,6,4,7,3,14
2024,Usaquén,2,Contributivo (EPS),4,3,0,1,7,14
2024,Usaquén,2,Contributivo (EPS),5,1,0,1,3,7
2024,Usaquén,2,Contributivo (EPS),6,0,1,1,1,2
2024,Usaquén,2,Régimen excepcional,1,1,0,1,0,1
2024,Usaquén,2,Subsidiado (EPSS),1,3,1,2,1,10
2024,Usaquén,2,Subsidiado (EPSS),2,2,2,5,4,9
2024,Usaquén,2,Subsidiado (EPSS),3,2,1,0,2,7
2024,Usaquén,2,Subsidiado (EPSS),4,0,0,0,1,2
2024,Usme,1,Contributivo (EPS),1,0,0,0,5,5
2024,Usme,1,Contributivo (EPS),2,1,0,0,2,4
2024,Usme,1,Ninguno,1,0,1,0,1,1
2024,Usme,1,Ninguno,2,0,0,0,0,1
2024,Usme,1,Régimen excepcional,2,0,0,0,0,1
2024,Usme,1,Subsidiado (EPSS),1,0,0,2,1,5
2024,Usme,1,Subsidiado (EPSS),2,0,0,0,0,4
2024,Usme,2,Contributivo (EPS),1,1,1,3,9,28
2024,Usme,2,Contributivo (EPS),2,3,0,8,6,17
2024,Usme,2,Ninguno,1,0,0,0,0,2
2024,Usme,2,Régimen excepcional,1,0,1,2,0,2
2024,Usme,2,Régimen excepcional,2,1,0,1,0,1
2024,Usme,2,Subsidiado (EPSS),1,5,0,10,7,33
2024,Usme,2,Subsidiado (EPSS),2,3,1,5,3,14